編號,案類,發生(現)日期,發生時段,發生(現)地點
1,住宅竊盜,970609,01~03,台北市信義區松隆里松山路615巷1 ~ 30號
2,住宅竊盜,991013,22~24,台北市內湖區成功路4段331 ~ 360號
3,住宅竊盜,991024,13~15,台北市南港區東新里興南街52巷1 ~ 30號
4,住宅竊盜,1000825,19~21,台北市大同區民權里民權西路144巷1 ~ 30號
5,住宅竊盜,1010601,07~09,台北市大安區誠安里忠孝東路3段251巷10弄1 ~ 30號
6,住宅竊盜,1010606,10~12,台北市中山區通北街65巷2弄1 ~ 30號
7,住宅竊盜,1010728,22~24,台北市萬華區萬大路486巷37弄61 ~ 90號
8,住宅竊盜,1020101,19~21,台北市大同區雙連里萬全街103巷
9,住宅竊盜,1020108,07~09,台北市中山區吉林路200巷23之1 ~ 30號
10,住宅竊盜,1020715,19~21,台北市內湖區大湖街166巷31 ~ 60號
11,住宅竊盜,1021201,10~12,台北市大安區黎孝里和平東路3段308巷1弄1 ~ 30號
12,住宅竊盜,1030102,10~12,台北市文山區景美里育英街1 ~ 30號
13,住宅竊盜,1030915,01~03,台北市萬華區長泰街91 ~ 120號
14,住宅竊盜,1031030,16~18,台北市北投區文化里文化三路91 ~ 120號
15,住宅竊盜,1040101,07~09,台北市中山區新生北路一段91~120號
16,住宅竊盜,1040101,10~12,台北市文山區明興里興隆路四段1~30號
17,住宅竊盜,1040101,22~24,台北市文山區萬美里萬寧街1~30號
18,住宅竊盜,1040101,22~24,台北市信義區富台里忠孝東路五段295巷6弄1~30號
19,住宅竊盜,1040102,04~06,台北市萬華區大理街159巷1~30號
20,住宅竊盜,1040102,04~06,台北市萬華區大理街159巷1~30號
21,住宅竊盜,1040102,10~12,台北市中山區吉林路121~150號
22,住宅竊盜,1040102,22~24,台北市士林區天福里1鄰忠誠路二段130巷1~30號
23,住宅竊盜,1040104,10~12,台北市信義區五常里永吉路225巷32弄1~30號
24,住宅竊盜,1040104,10~12,台北市士林區明勝里通河街31 ~ 60號
25,住宅竊盜,1040105,04~06,台北市萬華區糖?里大理街159巷1~30號
26,住宅竊盜,1040105,10~12,台北市北投區吉慶里實踐街56巷1~30號
27,住宅竊盜,1040105,16~18,台北市中正區忠勤里中華路二段311巷1~30號
28,住宅竊盜,1040105,22~24,台北市中山區南京東路三段181~210號
29,住宅竊盜,1040106,04~06,台北市信義區雅祥里基隆路一段1~30號
30,住宅竊盜,1040106,16~18,台北市中正區水源里汀州路三段91~120號
31,住宅竊盜,1040108,07~09,台北市文山區萬美里萬美街一段61~90號
32,住宅竊盜,1040109,10~12,台北市內湖區港華里港華街1~30號
33,住宅竊盜,1040109,13~15,台北市中山區樂群二路91~120號
34,住宅竊盜,1040109,16~18,台北市松山區民權東路三段106巷1~30號
35,住宅竊盜,1040110,04~06,台北市信義區福德街373巷91~120號
36,住宅竊盜,1040111,07~09,台北市萬華區萬大路387巷1~30號
37,住宅竊盜,1040112,07~09,台北市大安區龍雲里4鄰大安路二段132巷1~30號
38,住宅竊盜,1040112,19~21,台北市松山區光復南路22巷31~60號
39,住宅竊盜,1040112,19~21,台北市松山區健康路325巷18弄1~30號
40,住宅竊盜,1040113,10~12,台北市萬華區青年路31~60號
41,住宅竊盜,1040115,07~09,台北市南港區九如里研究院路三段18巷1~30號
42,住宅竊盜,1040115,10~12,台北市大安區市民大道四段1~30號
43,住宅竊盜,1040115,10~12,台北市內湖區民權東路六段296巷91~120號
44,住宅竊盜,1040115,22~24,台北市松山區饒河街181~210號
45,住宅竊盜,1040116,10~12,台北市松山區敦化南路二段31~60號
46,住宅竊盜,1040117,10~12,台北市文山區明義里興隆路四段46巷31~60號
47,住宅竊盜,1040118,01~03,台北市萬華區桂林路242巷1 ~ 30號
48,住宅竊盜,1040118,07~09,台北市萬華區西園路二段320巷61~90號
49,住宅竊盜,1040118,10~12,台北市大安區通化里通化街19巷1~30號
50,住宅竊盜,1040118,19~21,台北市信義區富台里忠孝東路五段295巷6弄31~60號
51,住宅竊盜,1040120,19~21,台北市南港區三重里重陽路511~540號
52,住宅竊盜,1040121,07~09,台北市萬華區柳鄉里1鄰桂林路242巷6弄1~30號
53,住宅竊盜,1040121,19~21,台北市士林區百齡里21鄰通河東街一段61~90號
54,住宅竊盜,1040121,19~21,台北市中山區吉林路379巷1~30號
55,住宅竊盜,1040121,22~24,台北市中山區中山北路一段53巷1~30號
56,住宅竊盜,1040122,10~12,台北市大同區揚雅里承德路三段90巷1~30號
57,住宅竊盜,1040122,16~18,台北市大安區龍安里青田街5巷1~30號
58,住宅竊盜,1040123,13~15,台北市中正區龍光里和平西路二段1~30號
59,住宅竊盜,1040123,19~21,台北市文山區萬興里21鄰秀明路二段115巷1~30號
60,住宅竊盜,1040124,10~12,台北市萬華區梧州街60巷1~30號
61,住宅竊盜,1040126,01~03,台北市萬華區民和街55巷1~30號
62,住宅竊盜,1040126,07~09,台北市大同區酒泉街103巷1~30號
63,住宅竊盜,1040126,19~21,台北市內湖區西康里4鄰文湖街11巷1~30號
64,住宅竊盜,1040127,01~03,台北市中山區中山北路二段1~30號
65,住宅竊盜,1040127,04~06,台北市中山區民生東路三段9巷1~30號
66,住宅竊盜,1040127,10~12,台北市文山區景興路238巷1~30號
67,住宅竊盜,1040127,13~15,台北市南港區東明里興華路64巷1~30號
68,住宅竊盜,1040127,16~18,台北市大安區錦泰里15鄰金山南路二段121~150號
69,住宅竊盜,1040128,13~15,台北市內湖區東湖里康樂街48巷1~30號
70,住宅竊盜,1040129,13~15,台北市松山區延壽街121~150號
71,住宅竊盜,1040129,13~15,台北市信義區富台里忠孝東路五段423巷5弄1~30號
72,住宅竊盜,1040130,13~15,台北市信義區廣居里忠孝東路五段372巷27弄61~90號
73,住宅竊盜,1040131,22~24,台北市南港區重陽路57巷1~30號
74,住宅竊盜,1040201,10~12,台北市北投區雙全街62巷1~30號
75,住宅竊盜,1040201,10~12,台北市松山區敦化北路199巷100弄1~30號
76,住宅竊盜,1040201,19~21,台北市信義區信義路六段15巷1~30號
77,住宅竊盜,1040201,22~24,台北市北投區中心里中和街31~60號
78,住宅竊盜,1040202,07~09,台北市中正區網溪里廈門街91~120號
79,住宅竊盜,1040202,19~21,台北市北投區中心里中和街31~60號
80,住宅竊盜,1040204,16~18,台北市中山區農安街125巷1~30號
81,住宅竊盜,1040205,01~03,台北市士林區百齡里福港街211~240號
82,住宅竊盜,1040205,04~06,台北市內湖區樂康里康樂街111巷31~60號
83,住宅竊盜,1040205,13~15,台北市萬華區大理街170巷1~30號
84,住宅竊盜,1040206,07~09,台北市中山區合江街20巷1~30號
85,住宅竊盜,1040207,22~24,台北市中正區三愛里新生南路一段121~150號
86,住宅竊盜,1040208,04~06,台北市大安區新龍里信義路三段134巷61~90號
87,住宅竊盜,1040209,01~03,台北市文山區忠順里忠順街二段1~30號
88,住宅竊盜,1040210,01~03,台北市北投區大同路200巷1~30號
89,住宅竊盜,1040211,16~18,台北市內湖區葫洲里民權東路六段296巷31~60號
90,住宅竊盜,1040212,19~21,台北市文山區興安里22鄰景華街176巷1~30號
91,住宅竊盜,1040212,22~24,台北市萬華區萬大路493巷48弄1~30號
92,住宅竊盜,1040213,04~06,台北市中山區八德路二段210巷1~30號
93,住宅竊盜,1040213,07~09,台北市中山區農安街1~30號
94,住宅竊盜,1040215,07~09,台北市大安區法治里通化街173巷1~30號
95,住宅竊盜,1040215,07~09,台北市中山區長安東路二段1~30號
96,住宅竊盜,1040215,10~12,台北市北投區吉利里20鄰石牌路一段39巷61~90號
97,住宅竊盜,1040215,22~24,台北市信義區和平東路三段661~690號
98,住宅竊盜,1040216,10~12,台北市中正區文盛里羅斯福路三段210巷8弄1~30號
99,住宅竊盜,1040216,13~15,台北市內湖區新明路246巷3弄1~30號
100,住宅竊盜,1040216,16~18,台北市內湖區西湖里內湖路一段91巷121~150號
101,住宅竊盜,1040216,22~24,台北市松山區南京東路五段211~240號
102,住宅竊盜,1040218,04~06,台北市大同區民權里民權西路160巷30弄1~30號
103,住宅竊盜,1040219,13~15,台北市信義區黎忠里和平東路三段391巷8弄31~60號
104,住宅竊盜,1040219,16~18,台北市北投區文林里致遠一路一段125巷1~30號
105,住宅竊盜,1040219,16~18,台北市信義區四育里虎林街46巷1~30號
106,住宅竊盜,1040219,19~21,台北市信義區四育里虎林街46巷1~30號
107,住宅竊盜,1040220,04~06,台北市北投區文林里致遠一路一段31~60號
108,住宅竊盜,1040221,19~21,台北市大安區通化里17鄰通化街39巷62弄1~30號
109,住宅竊盜,1040222,01~03,台北市文山區樟新里樟新街32巷1~30號
110,住宅竊盜,1040223,10~12,台北市南港區中南里中南街74巷31~60號
111,住宅竊盜,1040223,13~15,台北市信義區大仁里福德街84巷1弄1~30號
112,住宅竊盜,1040223,19~21,台北市士林區蘭雅里德行東路31~60號
113,住宅竊盜,1040223,22~24,台北市士林區義信里大南路61~90號
114,住宅竊盜,1040224,10~12,台北市萬華區萬大路493巷48弄1~30號
115,住宅竊盜,1040224,16~18,台北市北投區中心里8鄰泉源路31~60號
116,住宅竊盜,1040224,19~21,台北市內湖區西湖里26鄰內湖路一段285巷65弄61~90號
117,住宅竊盜,1040225,04~06,台北市中正區黎明里南陽街1~30號
118,住宅竊盜,1040225,07~09,台北市士林區聖山里忠誠路一段147巷1~30號
119,住宅竊盜,1040226,01~03,台北市大安區義安里敦化南路二段63巷31~60號
120,住宅竊盜,1040226,13~15,台北市中正區幸市里臨沂街33巷1~30號
121,住宅竊盜,1040226,19~21,台北市內湖區西湖里內湖路一段323巷14弄1~30號
122,住宅竊盜,1040227,01~03,台北市萬華區西園路二段151~180號
123,住宅竊盜,1040227,10~12,台北市北投區中央里大興街24巷7弄1~30號
124,住宅竊盜,1040227,22~24,台北市萬華區西寧南路206巷1~30號
125,住宅竊盜,1040228,19~21,台北市萬華區東園街73巷61~90號
126,住宅竊盜,1040304,01~03,台北市北投區福興里自強街5巷61~90號
127,住宅竊盜,1040304,16~18,台北市士林區社新里延平北路六段273巷1~30號
128,住宅竊盜,1040304,16~18,台北市內湖區湖興里成功路二段312巷31~60號
129,住宅竊盜,1040305,04~06,台北市北投區吉慶里11鄰致遠二路1~30號
130,住宅竊盜,1040305,13~15,台北市內湖區葫洲里2鄰民權東路六段280巷25弄1~30號
131,住宅竊盜,1040306,01~03,台北市內湖區大湖里大湖山莊街121~150號
132,住宅竊盜,1040306,19~21,台北市大安區建安里忠孝東路四段181巷40弄1~30號
133,住宅竊盜,1040307,04~06,台北市北投區大同里大業路481~510號
134,住宅竊盜,1040308,16~18,台北市萬華區內江街151~180號
135,住宅竊盜,1040308,22~24,台北市萬華區中華路二段416巷1~30號
136,住宅竊盜,1040310,10~12,台北市萬華區昆明街211~240號
137,住宅竊盜,1040310,10~12,台北市萬華區昆明街211~240號
138,住宅竊盜,1040310,22~24,台北市士林區天母里中山北路七段219巷1~30號
139,住宅竊盜,1040310,22~24,台北市松山區八德路四段106巷10弄1~30號
140,住宅竊盜,1040312,01~03,台北市中正區水源里羅斯福路四段61~90號
141,住宅竊盜,1040312,10~12,台北市大同區至聖里大龍街259巷10弄1~30號
142,住宅竊盜,1040312,16~18,台北市大安區古莊里浦城街13巷1~30號
143,住宅竊盜,1040313,01~03,台北市北投區中庸里10鄰大同街181~210號
144,住宅竊盜,1040314,01~03,台北市文山區試院里和興路91~120號
145,住宅竊盜,1040315,01~03,台北市萬華區長泰街271~300號
146,住宅竊盜,1040316,07~09,台北市大安區和平東路一段1~30號
147,住宅竊盜,1040316,07~09,台北市中正區螢雪里水源路151~180號
148,住宅竊盜,1040317,01~03,台北市北投區榮華里17鄰明德路118巷1~30號
149,住宅竊盜,1040317,10~12,台北市南港區萬福里同德路50巷1~30號
150,住宅竊盜,1040319,10~12,台北市文山區萬和里溪洲街61~90號
151,住宅竊盜,1040319,22~24,台北市北投區永和里同德街44巷1~30號
152,住宅竊盜,1040320,10~12,台北市萬華區糖?里大理街160巷26弄1~30號
153,住宅竊盜,1040320,19~21,台北市萬華區漢口街二段61~90號
154,住宅竊盜,1040324,07~09,台北市松山區民權東路三段153巷3弄1~30號
155,住宅竊盜,1040325,13~15,台北市大安區龍門里10鄰和平東路二段18巷13弄1~30號
156,住宅竊盜,1040326,16~18,台北市文山區興福里1鄰興隆路一段260巷1~30號
157,住宅竊盜,1040327,16~18,台北市文山區萬隆里羅斯福路五段241~270號
158,住宅竊盜,1040327,19~21,台北市信義區黎平里和平東路三段207巷6弄1~30號
159,住宅竊盜,1040328,19~21,台北市中山區天祥路60巷1~30號
160,住宅竊盜,1040329,07~09,台北市松山區南京東路五段31~60號
161,住宅竊盜,1040329,10~12,台北市士林區社園里021鄰社中街298巷4弄1~30號
162,住宅竊盜,1040329,16~18,台北市松山區民生東路三段113巷25弄31~60號
163,住宅竊盜,1040330,07~09,台北市中山區松江路331~360號
164,住宅竊盜,1040330,10~12,台北市士林區平等里平菁街105巷1~30號
165,住宅竊盜,1040330,10~12,台北市文山區萬利街2巷1~30號
166,住宅竊盜,1040331,07~09,台北市內湖區金瑞里金龍路1~30號
167,住宅竊盜,1040331,22~24,台北市萬華區萬大路493巷28弄1~30號
168,住宅竊盜,1040401,13~15,台北市士林區天壽里5鄰天母西路22巷1~30號
169,住宅竊盜,1040401,22~24,台北市中山區長春路241~270號
170,住宅竊盜,1040404,13~15,台北市文山區木新里指南路一段31~60號
171,住宅竊盜,1040405,10~12,台北市文山區指南里指南路三段22巷1~30號
172,住宅竊盜,1040405,19~21,台北市松山區光復北路31~60號
173,住宅竊盜,1040405,22~24,台北市大同區南芳里延平北路二段241~270號
174,住宅竊盜,1040405,22~24,台北市內湖區港富里麗山街328巷1~30號
175,住宅竊盜,1040407,01~03,台北市萬華區雅江街31~60號
176,住宅竊盜,1040407,10~12,台北市中山區大直街84巷1~30號
177,住宅竊盜,1040407,10~12,台北市內湖區紫陽里文德路22巷59弄1~30號
178,住宅竊盜,1040408,10~12,台北市中正區螢雪里重慶南路三段74巷1~30號
179,住宅竊盜,1040408,16~18,台北市內湖區寶湖里成功路二段301~330號
180,住宅竊盜,1040409,10~12,台北市中山區農安街1~30號
181,住宅竊盜,1040410,07~09,台北市北投區吉利里23鄰吉利街320巷1弄1~30號
182,住宅竊盜,1040410,16~18,台北市萬華區忠德里4鄰寶興街91~120號
183,住宅竊盜,1040410,19~21,台北市松山區民生東路五段181~210號
184,住宅竊盜,1040411,10~12,台北市內湖區內湖路1段359巷1 ~ 30號
185,住宅竊盜,1040413,10~12,台北市北投區智仁里杏林二路28巷1 ~ 30號
186,住宅竊盜,1040413,13~15,台北市萬華區貴陽街二段151~180號
187,住宅竊盜,1040415,07~09,台北市松山區民生東路四段55巷1~30號
188,住宅竊盜,1040415,16~18,台北市萬華區西園路二段261巷31~60號
189,住宅竊盜,1040415,22~24,台北市萬華區富民里4鄰貴陽街二段151~180號
190,住宅竊盜,1040416,04~06,台北市文山區萬和里1鄰溪州街137巷61~90號
191,住宅竊盜,1040416,07~09,台北市士林區三玉里忠誠路二段41巷1~30號
192,住宅竊盜,1040416,10~12,台北市中山區中山北路二段93巷1~30號
193,住宅竊盜,1040416,13~15,台北市內湖區康樂街61巷12弄1~30號
194,住宅竊盜,1040416,13~15,台北市北投區永欣里石牌路二段181~210號
195,住宅竊盜,1040416,19~21,台北市南港區舊莊里舊莊街一段145巷6弄1~30號
196,住宅竊盜,1040417,16~18,台北市中山區建國北路三段22巷1~30號
197,住宅竊盜,1040417,16~18,台北市北投區奇岩里奇岩路31~60號
198,住宅竊盜,1040419,13~15,台北市北投區榮華里榮華一路15巷1~30號
199,住宅竊盜,1040420,16~18,台北市內湖區瑞光里瑞光路235巷1~30號
200,住宅竊盜,1040420,22~24,台北市中山區遼寧街241~270號
201,住宅竊盜,1040421,19~21,台北市文山區指南里15鄰指南路三段26巷1~30號
202,住宅竊盜,1040422,19~21,台北市萬華區萬大路493巷12弄1~30號
203,住宅竊盜,1040423,04~06,台北市內湖區康樂街136巷15弄1~30號
204,住宅竊盜,1040423,13~15,台北市內湖區樂康里康樂街136巷15弄1~30號
205,住宅竊盜,1040423,19~21,台北市士林區仁勇里16鄰大東路121~150號
206,住宅竊盜,1040423,19~21,台北市萬華區環河南路二段250巷3弄1~30號
207,住宅竊盜,1040424,10~12,台北市內湖區樂康里康樂街72巷17弄121~150號
208,住宅竊盜,1040425,04~06,台北市文山區興業里23鄰辛亥路五段124巷1~30號
209,住宅竊盜,1040425,22~24,台北市大同區揚雅里民族西路121~150號
210,住宅竊盜,1040426,04~06,台北市北投區智仁里21鄰中和街525巷10弄1~30號
211,住宅竊盜,1040427,07~09,台北市中山區大直街62巷5弄1~30號
212,住宅竊盜,1040427,07~09,台北市內湖區湖興里20鄰成功路二段250巷31~60號
213,住宅竊盜,1040427,13~15,台北市中山區大直街62巷5弄1~30號
214,住宅竊盜,1040427,16~18,台北市萬華區德昌街132巷1~30號
215,住宅竊盜,1040427,22~24,台北市內湖區港都里港華街85巷1~30號
216,住宅竊盜,1040429,13~15,台北市中山區敬業三路162巷121~150號
217,住宅竊盜,1040429,13~15,台北市中山區敬業三路162巷31~60號
218,住宅竊盜,1040430,07~09,台北市內湖區麗山街328巷1~30號
219,住宅竊盜,1040430,19~21,台北市內湖區樂康里康樂街136巷18弄31~60號
220,住宅竊盜,1040501,16~18,台北市中山區吉林路379巷1~30號
221,住宅竊盜,1040501,22~24,台北市信義區忠孝東路
222,住宅竊盜,1040503,19~21,台北市松山區寶清街104巷1~30號
223,住宅竊盜,1040504,10~12,台北市中山區長安東路一段31~60號
224,住宅竊盜,1040504,19~21,台北市內湖區西湖里內湖路一段323巷1~30號
225,住宅竊盜,1040505,16~18,台北市士林區菁山里永公路511~540號
226,住宅竊盜,1040506,19~21,台北市文山區試院里29鄰木柵路一段1~30號
227,住宅竊盜,1040507,19~21,台北市信義區大道里大道路7巷1弄1~30號
228,住宅竊盜,1040508,04~06,台北市大同區斯文里大龍街89巷1~30號
229,住宅竊盜,1040508,07~09,台北市大安區車層里忠孝東路四段216巷19弄1~30號
230,住宅竊盜,1040508,13~15,台北市北投區大屯里復興三路521巷1~30號
231,住宅竊盜,1040509,10~12,台北市士林區聖山里20鄰忠義街46巷1~30號
232,住宅竊盜,1040510,04~06,台北市大安區虎嘯里樂業街15巷1~30號
233,住宅竊盜,1040510,10~12,台北市內湖區新明路380巷9弄1~30號
234,住宅竊盜,1040510,13~15,台北市中山區中山北路一段91~120號
235,住宅竊盜,1040511,22~24,台北市萬華區萬大路322巷55弄1~30號
236,住宅竊盜,1040512,10~12,台北市北投區開明里珠海路107巷1~30號
237,住宅竊盜,1040512,13~15,台北市中正區文祥里金山南路一段91~120號
238,住宅竊盜,1040512,19~21,台北市松山區延壽街61~90號
239,住宅竊盜,1040514,10~12,台北市內湖區康寧路三段245巷31~60號
240,住宅竊盜,1040514,10~12,台北市文山區樟新里木新路三段301~330號
241,住宅竊盜,1040515,10~12,台北市內湖區康寧路一段156巷7弄1~30號
242,住宅竊盜,1040515,10~12,台北市內湖區麗山街46巷5弄1~30號
243,住宅竊盜,1040515,19~21,台北市北投區榮光里致遠一路二段40巷1弄1~30號
244,住宅竊盜,1040518,10~12,台北市中正區黎明里信陽街1~30號
245,住宅竊盜,1040521,16~18,台北市北投區文化里文化三路1~30號
246,住宅竊盜,1040521,22~24,台北市士林區福志里24鄰中山北路五段756巷1~30號
247,住宅竊盜,1040522,16~18,台北市中正區板溪里南昌路二段91~120號
248,住宅竊盜,1040523,10~12,台北市松山區南京東路五段291巷44弄1~30號
249,住宅竊盜,1040523,10~12,台北市松山區南京東路五段59巷28弄1~30號
250,住宅竊盜,1040525,19~21,台北市文山區試院里木柵路一段31~60號
251,住宅竊盜,1040526,04~06,台北市北投區洲美里洲美街81巷1~30號
252,住宅竊盜,1040526,16~18,台北市中山區錦州街181~210號
253,住宅竊盜,1040526,22~24,台北市中山區林森北路119巷1~30號
254,住宅竊盜,1040528,04~06,台北市文山區萬祥里興隆路一段70巷1~30號
255,住宅竊盜,1040528,19~21,台北市士林區永倫里6鄰社中街426巷1~30號
256,住宅竊盜,1040529,16~18,台北市大同區斯文里承德路三段85巷1~30號
257,住宅竊盜,1040529,22~24,台北市大同區光能里南京西路31~60號
258,住宅竊盜,1040531,22~24,台北市文山區興得里興隆路三段192巷8弄31~60號
259,住宅竊盜,1040531,22~24,台北市信義區大道里林口街151~180號
260,住宅竊盜,1040601,22~24,台北市中山區八德路二段241~270號
261,住宅竊盜,1040602,13~15,台北市北投區泉源里東昇路91~120號
262,住宅竊盜,1040603,16~18,台北市中山區長安東路二段31~60號
263,住宅竊盜,1040606,04~06,台北市中山區錦州街31~60號
264,住宅竊盜,1040606,10~12,台北市松山區南京東路五段123巷8弄1~30號
265,住宅竊盜,1040606,19~21,台北市松山區八德路三段12巷52弄1~30號
266,住宅竊盜,1040607,07~09,台北市中山區中山北路二段65巷2弄1~30號
267,住宅竊盜,1040607,10~12,台北市大安區民炤里新生南路一段137巷1~30號
268,住宅竊盜,1040608,07~09,台北市中山區民權東路一段31~60號
269,住宅竊盜,1040608,13~15,台北市士林區福林里中山北路五段460巷1~30號
270,住宅竊盜,1040608,22~24,台北市中山區長春路61~90號
271,住宅竊盜,1040609,16~18,台北市文山區試院里和興路91~120號
272,住宅竊盜,1040612,10~12,台北市信義區三張里莊敬路391~420號
273,住宅竊盜,1040615,10~12,台北市中山區建國北路二段116巷1~30號
274,住宅竊盜,1040615,16~18,台北市大安區建安里忠孝東路四段181巷7弄1~30號
275,住宅竊盜,1040615,22~24,台北市文山區萬芳里011鄰萬安街61 ~ 90號
276,住宅竊盜,1040616,07~09,台北市萬華區西藏路199巷1~30號
277,住宅竊盜,1040616,13~15,台北市文山區景東里景華街104巷1~30號
278,住宅竊盜,1040616,13~15,台北市文山區景東里景興路153巷14弄1~30號
279,住宅竊盜,1040619,07~09,台北市中山區長安東路一段52巷9弄1~30號
280,住宅竊盜,1040619,07~09,台北市文山區萬隆里羅斯福路五段211~240號
281,住宅竊盜,1040619,19~21,台北市中正區頂東里羅斯福路二段174巷1~30號
282,住宅竊盜,1040620,04~06,台北市松山區光復北路120巷121~150號
283,住宅竊盜,1040620,10~12,台北市信義區富陽街44巷1~30號
284,住宅竊盜,1040621,10~12,台北市士林區溪山里至善路三段1~30號
285,住宅竊盜,1040622,07~09,台北市北投區八仙里承德路七段401巷331弄1~30號
286,住宅竊盜,1040622,13~15,台北市士林區臨溪里5鄰故宮路41巷1~30號
287,住宅竊盜,1040622,13~15,台北市士林區臨溪里故宮路41巷1~30號
288,住宅竊盜,1040623,22~24,台北市大安區大安路一段16巷1~30號
289,住宅竊盜,1040624,04~06,台北市中山區新生北路三段1~30號
290,住宅竊盜,1040624,19~21,台北市中正區光復里重慶南路一段1~30號
291,住宅竊盜,1040625,22~24,台北市中山區明水路601~630號
292,住宅竊盜,1040628,01~03,台北市士林區陽明里華岡路31~60號
293,住宅竊盜,1040628,16~18,台北市內湖區東湖路113巷95弄121~150號
294,住宅竊盜,1040628,16~18,台北市南港區玉成里南港路三段130巷3弄1~30號
295,住宅竊盜,1040628,22~24,台北市中山區中山北路二段128巷6弄1~30號
296,住宅竊盜,1040628,22~24,台北市中山區林森北路391~420號
297,住宅竊盜,1040630,22~24,台北市北投區林泉里新民路31~60號
298,住宅竊盜,1040701,07~09,台北市中正區羅斯福路三段91~120號
299,住宅竊盜,1040701,16~18,台北市中山區林森北路451~480號
300,住宅竊盜,1040701,22~24,台北市中山區農安街28之1 ~ 30號
301,住宅竊盜,1040702,19~21,台北市士林區菁山里菁山路99巷1~30號
302,住宅竊盜,1040703,01~03,台北市中山區民族東路512巷1~30號
303,住宅竊盜,1040703,13~15,台北市內湖區康樂街201巷23弄1~30號
304,住宅竊盜,1040704,04~06,台北市信義區永吉里松山路91~120號
305,住宅竊盜,1040707,01~03,台北市萬華區西園路一段256巷1~30號
306,住宅竊盜,1040707,07~09,台北市文山區樟文里辛亥路七段69巷1~30號
307,住宅竊盜,1040707,19~21,台北市萬華區莒光路181~210號
308,住宅竊盜,1040708,10~12,台北市文山區萬芳里萬美街一段19巷1~30號
309,住宅竊盜,1040709,01~03,台北市中山區新生北路三段61~90號
310,住宅竊盜,1040710,01~03,台北市中山區民族東路512巷10、1~30號
311,住宅竊盜,1040712,16~18,台北市萬華區國興路61~90號
312,住宅竊盜,1040713,22~24,台北市中山區雙城街19巷1~30號
313,住宅竊盜,1040713,22~24,台北市中正區東門里杭州南路一段18巷1~30號
314,住宅竊盜,1040714,07~09,台北市萬華區環河南路二段35巷15弄1~30號
315,住宅竊盜,1040715,10~12,台北市萬華區雙園街60巷31~60號
316,住宅竊盜,1040715,13~15,台北市信義區正和里光復南路417巷211~240號
317,住宅竊盜,1040715,19~21,台北市中山區南京東路二段91~120號
318,住宅竊盜,1040716,07~09,台北市大安區光信里光復南路456巷1~30號
319,住宅竊盜,1040717,01~03,台北市中山區民生東路一段61~90號
320,住宅竊盜,1040718,01~03,台北市北投區一德里中央北路四段151~180號
321,住宅竊盜,1040718,13~15,台北市松山區光復北路181~210號
322,住宅竊盜,1040718,16~18,台北市萬華區西園路一段121~150號
323,住宅竊盜,1040718,19~21,台北市北投區林泉里溫泉路121~150號
324,住宅竊盜,1040720,16~18,台北市北投區清江里中央南路二段91~120號
325,住宅竊盜,1040720,19~21,台北市士林區百齡里11鄰前港街110巷1~30號
326,住宅竊盜,1040720,22~24,台北市萬華區雅江街61~90號
327,住宅竊盜,1040721,10~12,台北市松山區南京東路五段251巷24弄1~30號
328,住宅竊盜,1040721,22~24,台北市信義區三犁里信義路五段121~150號
329,住宅竊盜,1040722,13~15,台北市大同區保安里哈密街59巷31弄31~60號
330,住宅竊盜,1040722,16~18,台北市萬華區中華路二段504巷1~30號
331,住宅竊盜,1040723,07~09,台北市松山區南京東路五段23巷7弄1~30號
332,住宅竊盜,1040724,13~15,台北市內湖區成功路四段323巷9弄1~30號
333,住宅竊盜,1040725,10~12,台北市松山區南京東路五段66巷1~30號
334,住宅竊盜,1040725,13~15,台北市信義區中興里嘉興街31~60號
335,住宅竊盜,1040727,07~09,台北市松山區健康路8巷1~30號
336,住宅竊盜,1040727,07~09,台北市松山區寶清街1~30號
337,住宅竊盜,1040727,19~21,台北市士林區陽明里華岡路31~60號
338,住宅竊盜,1040729,10~12,台北市松山區民權東路五段31~60號
339,住宅竊盜,1040730,13~15,台北市大同區華亭街1~30號
340,住宅竊盜,1040730,16~18,台北市萬華區大理街170巷1弄1~30號
341,住宅竊盜,1040731,01~03,台北市松山區南京東路五段251巷24弄1~30號
342,住宅竊盜,1040731,04~06,台北市松山區健康路325巷18弄1~30號
343,住宅竊盜,1040731,07~09,台北市中正區廈安里大埔街21巷1~30號
344,住宅竊盜,1040731,10~12,台北市松山區南京東路五段281巷1~30號
345,住宅竊盜,1040731,13~15,台北市松山區南京東路五段251巷24弄1~30號
346,住宅竊盜,1040731,22~24,台北市中山區民權西路61~90號
347,住宅竊盜,1040801,22~24,台北市中山區林森北路107巷31~60號
348,住宅竊盜,1040803,22~24,台北市文山區木柵里木柵路三段85巷23弄1~30號
349,住宅竊盜,1040804,04~06,台北市士林區新安里7鄰仰德大路三段106巷1~30號
350,住宅竊盜,1040805,13~15,台北市松山區南京東路五段123巷1弄1~30號
351,住宅竊盜,1040806,13~15,台北市內湖區內湖路二段103巷119弄1~30號
352,住宅竊盜,1040806,16~18,台北市北投區開明里復興四路8巷1~30號
353,住宅竊盜,1040807,01~03,台北市中山區松江路108巷1~30號
354,住宅竊盜,1040810,13~15,台北市萬華區西園路二段372巷3弄31~60號
355,住宅竊盜,1040810,16~18,台北市內湖區安泰街49巷1~30號
356,住宅竊盜,1040810,19~21,台北市中山區林森北路391~420號
357,住宅竊盜,1040810,19~21,台北市中山區龍江路377巷1~30號
358,住宅竊盜,1040811,04~06,台北市士林區社新里社子街61~90號
359,住宅竊盜,1040811,10~12,台北市士林區臨溪里9鄰至善路二段342巷1~30號
360,住宅竊盜,1040812,07~09,台北市大同區建明里華陰街72巷1~30號
361,住宅竊盜,1040812,19~21,台北市中山區林森北路107巷61~90號
362,住宅竊盜,1040813,13~15,台北市信義區黎平里和平東路三段301~330號
363,住宅竊盜,1040813,16~18,台北市北投區湖山里紗帽路1~30號
364,住宅竊盜,1040814,07~09,台北市大安區錦安里麗水街31~60號
365,住宅竊盜,1040814,10~12,台北市文山區木柵里7鄰木柵路三段85巷8弄1~30號
366,住宅竊盜,1040815,07~09,台北市大同區迪化街二段151~180號
367,住宅竊盜,1040815,07~09,台北市信義區大道里林口街181~210號
368,住宅竊盜,1040815,10~12,台北市大安區大學里新生南路三段70巷2弄1~30號
369,住宅竊盜,1040815,13~15,台北市大同區建明里華陰街72巷1~30號
370,住宅竊盜,1040815,13~15,台北市大安區誠安里忠孝東路三段301~330號
371,住宅竊盜,1040817,01~03,台北市北投區八仙里崇仁路一段159巷1~30號
372,住宅竊盜,1040817,01~03,台北市信義區四維里松山路241~270號
373,住宅竊盜,1040817,16~18,台北市松山區南京東路五段271~300號
374,住宅竊盜,1040817,19~21,台北市士林區天玉里中山北路七段51巷1~30號
375,住宅竊盜,1040818,19~21,台北市南港區九如里研究院路三段211~240號
376,住宅竊盜,1040820,01~03,台北市信義區景新里莊敬路289巷5弄18號
377,住宅竊盜,1040821,22~24,台北市南港區九如里研究院路三段211~240號
378,住宅竊盜,1040822,07~09,台北市中山區樂群二路266巷91~120號
379,住宅竊盜,1040822,22~24,台北市文山區博嘉里4鄰木柵路四段159巷170弄1~30號
380,住宅竊盜,1040823,01~03,台北市中正區廈安里中華路二段109巷1~30號
381,住宅竊盜,1040823,19~21,台北市北投區桃源里崗山路11巷1~30號
382,住宅竊盜,1040823,19~21,台北市萬華區西園路二段372巷3弄31~60號
383,住宅竊盜,1040824,10~12,台北市信義區六合里信義路五段150巷418弄1~30號
384,住宅竊盜,1040824,19~21,台北市士林區仁勇里小東街31~60號
385,住宅竊盜,1040825,10~12,台北市中正區新營里金華街1~30號
386,住宅竊盜,1040825,16~18,台北市大安區通化里10鄰通化街19巷1~30號
387,住宅竊盜,1040826,19~21,台北市內湖區內湖路一段91巷35弄1~30號
388,住宅竊盜,1040827,13~15,台北市士林區福志里福林路271~300號
389,住宅竊盜,1040827,16~18,台北市大同區永樂里10鄰民樂街1~30號
390,住宅竊盜,1040828,07~09,台北市大安區華聲里光復南路72巷23弄1~30號
391,住宅竊盜,1040828,13~15,台北市士林區天壽里4鄰中山北路六段441巷31~60號
392,住宅竊盜,1040828,13~15,台北市萬華區青年路1~30號
393,住宅竊盜,1040828,22~24,台北市中山區中山北路二段115巷1~30號
394,住宅竊盜,1040829,01~03,台北市文山區樟樹里13鄰興隆路四段74巷1~30號
395,住宅竊盜,1040829,07~09,台北市中正區廈安里中華路二段175巷31~60號
396,住宅竊盜,1040829,13~15,台北市北投區八仙里中央南路二段1~30號
397,住宅竊盜,1040830,07~09,台北市文山區明義里9鄰興隆路四段44巷1~30號
398,住宅竊盜,1040831,04~06,台北市士林區葫蘆里延平北路五段231巷31~60號
399,住宅竊盜,1040831,10~12,台北市中正區幸市里仁愛路二段61~90號
400,住宅竊盜,1040831,10~12,台北市信義區四育里虎林街30巷1~30號
401,住宅竊盜,1040831,13~15,台北市萬華區西昌街181~210號
402,住宅竊盜,1040831,16~18,台北市北投區石牌里致遠一路一段46巷1~30號
403,住宅竊盜,1040901,22~24,台北市大安區通化里通化街39巷1~30號
404,住宅竊盜,1040903,13~15,台北市北投區雙全街62巷1~30號
405,住宅竊盜,1040905,19~21,台北市中山區民族東路391~420號
406,住宅竊盜,1040905,19~21,台北市松山區饒河街121~150號
407,住宅竊盜,1040905,19~21,台北市萬華區廣州街186巷1~30號
408,住宅竊盜,1040906,01~03,台北市士林區忠誠里忠誠路一段91~120號
409,住宅竊盜,1040906,13~15,台北市內湖區民權東路六段413巷1~30號
410,住宅竊盜,1040907,13~15,台北市松山區敦化南路一段1~30號
411,住宅竊盜,1040908,10~12,台北市大安區虎嘯里4鄰敦化南路二段181~210號
412,住宅竊盜,1040908,10~12,台北市中正區文盛里汀州路三段151~180號
413,住宅竊盜,1040908,22~24,台北市中山區林森北路133巷31~60號
414,住宅竊盜,1040908,22~24,台北市中山區敬業1路181~210號
415,住宅竊盜,1040909,13~15,台北市中山區北安路608巷5弄1~30號
416,住宅竊盜,1040910,10~12,台北市士林區福順里重慶北路四段31~60號
417,住宅竊盜,1040910,19~21,台北市松山區八德路四段691~720號
418,住宅竊盜,1040911,07~09,台北市萬華區環河南路三段151~180號
419,住宅竊盜,1040911,10~12,台北市松山區八德路二段391~420號
420,住宅竊盜,1040912,07~09,台北市文山區順興里18鄰恆光街17巷1~30號
421,住宅竊盜,1040913,04~06,台北市信義區永春里永吉路481~510號
422,住宅竊盜,1040913,10~12,台北市大同區老師里延平北路四段153巷1~30號
423,住宅竊盜,1040913,19~21,台北市北投區大同里中央北路一段151~180號
424,住宅竊盜,1040914,04~06,台北市中正區文盛里羅斯福路三段244巷10弄1~30號
425,住宅竊盜,1040914,10~12,台北市中山區合江街31~60號
426,住宅竊盜,1040914,19~21,台北市中山區民生東路一段31~60號
427,住宅竊盜,1040915,10~12,台北市北投區林泉里泉源路21巷1~30號
428,住宅竊盜,1040915,16~18,台北市萬華區東園街66巷37弄1~30號
429,住宅竊盜,1040915,19~21,台北市中山區中山北路二段115巷3弄1~30號
430,住宅竊盜,1040917,01~03,台北市信義區六合里信義路五段150巷臨31~60號
431,住宅竊盜,1040917,19~21,台北市大安區全安里8鄰安和路二段227巷1~30號
432,住宅竊盜,1040918,04~06,台北市萬華區大埔街7巷1~30號
433,住宅竊盜,1040919,01~03,台北市中山區中山北路一段121巷1~30號
434,住宅竊盜,1040919,16~18,台北市大同區鄭州路121~150號
435,住宅竊盜,1040919,22~24,台北市大同區玉泉里貴德街1~30號
436,住宅竊盜,1040920,01~03,台北市北投區吉利里致遠二路95巷31~60號
437,住宅竊盜,1040920,10~12,台北市南港區九如里研究院路二段182巷61~90號
438,住宅竊盜,1040920,19~21,台北市中山區民權東路二段91~120號
439,住宅竊盜,1040921,01~03,台北市中正區南福里羅斯福路二段61~90號
440,住宅竊盜,1040921,04~06,台北市信義區六合里信義路五段150巷401弄1~30號
441,住宅竊盜,1040921,13~15,台北市士林區德華里文林路740巷9弄1~30號
442,住宅竊盜,1040921,13~15,台北市士林區德華里文林路740巷9弄1~30號
443,住宅竊盜,1040922,10~12,台北市北投區中庸里雙全街62巷1 ~ 30號
444,住宅竊盜,1040924,10~12,台北市北投區湖山里湖山路二段1~30號
445,住宅竊盜,1040924,19~21,台北市中正區永昌里中華路二段391~420號3樓
446,住宅竊盜,1040925,22~24,台北市中正區螢雪里泉州街121~150號
447,住宅竊盜,1040926,10~12,台北市大安區光武里22鄰復興南路一段107巷5弄1~30號
448,住宅竊盜,1040926,10~12,台北市北投區立賢里承德路七段211~240號
449,住宅竊盜,1040927,19~21,台北市中山區錦州街91~120號
450,住宅竊盜,1040928,10~12,台北市萬華區長泰街59巷1~30號
451,住宅竊盜,1040929,04~06,台北市松山區三民路151~180號
452,住宅竊盜,1040930,10~12,台北市大安區虎嘯里敦化南路二段200巷14弄1~30號
453,住宅竊盜,1040930,10~12,台北市內湖區瑞光路258巷31~60號
454,住宅竊盜,1040930,10~12,台北市南港區鴻福里玉成街235巷1~30號
455,住宅竊盜,1040930,22~24,台北市中山區天祥路47巷1~30號
456,住宅竊盜,1041001,22~24,台北市士林區三玉里7鄰德行東路219巷1~30號
457,住宅竊盜,1041002,07~09,台北市中山區民生西路45巷5弄1~30號
458,住宅竊盜,1041002,16~18,台北市萬華區大理街160巷22弄1~30號
459,住宅竊盜,1041002,19~21,台北市萬華區西園路二段261巷34弄31~60號
460,住宅竊盜,1041003,07~09,台北市內湖區內湖路二段91~120號
461,住宅竊盜,1041003,07~09,台北市萬華區西寧南路121~150號
462,住宅竊盜,1041003,10~12,台北市萬華區環河南路2段130巷
463,住宅竊盜,1041003,22~24,台北市中山區中山北路二段121~150號
464,住宅竊盜,1041005,07~09,台北市松山區八德路四段245巷32弄31~60號
465,住宅竊盜,1041005,07~09,台北市松山區民生東路五段137巷4弄1~30號
466,住宅竊盜,1041005,22~24,台北市信義區黎平里富陽街87巷1~30號
467,住宅竊盜,1041006,01~03,台北市大同區老師里重慶北路三段334巷15弄1~30號
468,住宅竊盜,1041006,10~12,台北市萬華區西園路二段320巷36弄1~30號
469,住宅竊盜,1041007,01~03,台北市中山區龍江路370巷31~60號
470,住宅竊盜,1041007,13~15,台北市文山區景行里景興路241~270號
471,住宅竊盜,1041007,13~15,台北市北投區清江里大興街24巷2弄1~30號
472,住宅竊盜,1041007,13~15,台北市信義區惠安里吳興街506巷1~30號
473,住宅竊盜,1041009,19~21,台北市萬華區成都路91~120號
474,住宅竊盜,1041011,16~18,台北市信義區雅祥里松信路31~60號
475,住宅竊盜,1041011,22~24,台北市內湖區內湖路一段91巷151~180號
476,住宅竊盜,1041011,22~24,台北市中正區林興里水源路1 ~ 30號
477,住宅竊盜,1041013,07~09,台北市文山區樟腳里9鄰恆光街30巷1~30號
478,住宅竊盜,1041013,07~09,台北市松山區撫遠街403巷1~30號
479,住宅竊盜,1041013,13~15,台北市信義區五全里永吉路200巷41弄1~30號
480,住宅竊盜,1041016,10~12,台北市士林區天玉里天母西路31~60號
481,住宅竊盜,1041018,04~06,台北市中正區忠勤里汀州路一段92巷1~30號
482,住宅竊盜,1041018,07~09,台北市萬華區富福里大理街1~30號
483,住宅竊盜,1041019,01~03,台北市萬華區昆明路121~150號
484,住宅竊盜,1041019,13~15,台北市中正區河堤里汀州路二段151~180號
485,住宅竊盜,1041020,01~03,台北市大同區南芳里安西街91巷1~30號
486,住宅竊盜,1041020,07~09,台北市大同區延平里安西街91巷1~30號
487,住宅竊盜,1041020,07~09,台北市萬華區中華路二段416巷61~90號
488,住宅竊盜,1041020,13~15,台北市大安區復興南路126巷1~30號
489,住宅竊盜,1041021,07~09,台北市信義區三犁里03鄰松仁路253巷01弄1~30號
490,住宅竊盜,1041021,19~21,台北市士林區福中里福港街121~150號
491,住宅竊盜,1041021,22~24,台北市中正區水源里羅斯福路四段40巷1~30號
492,住宅竊盜,1041023,07~09,台北市松山區南京東路五段291巷5弄1~30號
493,住宅竊盜,1041023,13~15,台北市北投區振華里懷德街98巷1~30號
494,住宅竊盜,1041023,16~18,台北市中正區螢雪里詔安街61 ~ 90號
495,住宅竊盜,1041023,16~18,台北市中正區螢雪里詔安街61 ~ 90號
496,住宅竊盜,1041023,16~18,台北市中正區螢雪里詔安街61 ~ 90號
497,住宅竊盜,1041023,19~21,台北市中正區螢雪里詔安街61 ~ 90號
498,住宅竊盜,1041023,19~21,台北市中正區螢雪里詔安街61 ~ 90號
499,住宅竊盜,1041023,19~21,台北市中正區螢雪里詔安街61 ~ 90號
500,住宅竊盜,1041023,19~21,台北市中正區螢雪里詔安街61 ~ 90號
501,住宅竊盜,1041024,07~09,台北市中正區南門里博愛路230巷1~30號
502,住宅竊盜,1041026,10~12,台北市南港區聯成里忠孝東路六段278巷22弄1~30號
503,住宅竊盜,1041026,19~21,台北市中山區吉林路161巷1~30號
504,住宅竊盜,1041026,19~21,台北市中山區吉林路161巷1~30號
505,住宅竊盜,1041027,10~12,台北市士林區聖山里忠誠路一段171巷10弄1~30號
506,住宅竊盜,1041027,22~24,台北市士林區福佳里文林路495巷1~30號
507,住宅竊盜,1041029,07~09,台北市松山區民生東路五段69巷1弄31~60號
508,住宅竊盜,1041030,10~12,台北市內湖區民權東路六段481~510號
509,住宅竊盜,1041030,19~21,台北市中山區遼寧街185巷7弄1~30號
510,住宅竊盜,1041030,19~21,台北市信義區松友里虎林街241~270號
511,住宅竊盜,1041031,19~21,台北市中山區龍江路356巷1~30號
512,住宅竊盜,1041101,07~09,台北市信義區和平東路三段631巷1~30號
513,住宅竊盜,1041103,22~24,台北市中山區堤頂大道二段451~480號
514,住宅竊盜,1041103,22~24,台北市南港區東明里東明街61~90號
515,住宅竊盜,1041104,10~12,台北市士林區平等里平菁街43巷16弄1~30號
516,住宅竊盜,1041105,10~12,台北市北投區承德路七段232巷1~30號
517,住宅竊盜,1041107,04~06,台北市信義區興隆里逸仙路32巷1~30號
518,住宅竊盜,1041109,16~18,台北市中山區雙城街32巷1~30號
519,住宅竊盜,1041109,16~18,台北市內湖區樂康里24鄰安泰街1~30號
520,住宅竊盜,1041109,22~24,台北市士林區明勝里承德路四段33巷1~30號
521,住宅竊盜,1041109,22~24,台北市南港區重陽路125巷1~30號
522,住宅竊盜,1041111,10~12,台北市中山區南京東路三段48巷31~60號
523,住宅竊盜,1041111,13~15,台北市文山區興豐里5鄰興隆路一段241~270號
524,住宅竊盜,1041112,19~21,台北市士林區天山里中山北路七段14巷31~60號
525,住宅竊盜,1041112,19~21,台北市大同區保安里庫倫街31~60號
526,住宅竊盜,1041113,10~12,台北市內湖區康寧路三段165巷25弄1~30號
527,住宅竊盜,1041114,22~24,台北市大安區延吉街241巷1~30號
528,住宅竊盜,1041115,16~18,台北市文山區萬芳里028鄰萬美街1段19巷1 ~ 30號
529,住宅竊盜,1041115,19~21,台北市中山區中山北路二段93巷1~30號
530,住宅竊盜,1041116,01~03,台北市松山區南京東路五段251巷46弄1~30號
531,住宅竊盜,1041116,07~09,台北市大安區龍泉里雲和街91~120號
532,住宅竊盜,1041116,13~15,台北市內湖區新明路298巷1~30號
533,住宅竊盜,1041116,13~15,台北市萬華區青年路31~60號
534,住宅竊盜,1041117,01~03,台北市中正區龍興里南海路61~90號
535,住宅竊盜,1041117,10~12,台北市南港區合成里忠孝東路六段271~300號
536,住宅竊盜,1041117,19~21,台北市信義區泰和里吳興街583巷20弄1~30號
537,住宅竊盜,1041118,13~15,台北市中山區錦州街241巷1弄1~30號
538,住宅竊盜,1041118,22~24,台北市中山區中山北路四段1~30號
539,住宅竊盜,1041121,10~12,台北市中山區新生北路二段141巷1~30號
540,住宅竊盜,1041122,04~06,台北市大安區敦安里9鄰安和路一段102巷1~30號
541,住宅竊盜,1041122,19~21,台北市文山區興得里15鄰興隆路三段112巷4弄1~30號
542,住宅竊盜,1041123,07~09,台北市內湖區麗山街393巷1~30號
543,住宅竊盜,1041123,13~15,台北市松山區民生東路五段69巷1弄31~60號
544,住宅竊盜,1041124,07~09,台北市士林區東山里德行東路393巷1~30號
545,住宅竊盜,1041125,01~03,台北市內湖區五分里8鄰東湖路106巷7弄1~30號
546,住宅竊盜,1041125,22~24,台北市中正區忠勤里南海路93巷1~30號
547,住宅竊盜,1041126,16~18,台北市中正區三愛里臨沂街69巷7弄1~30號
548,住宅竊盜,1041128,10~12,台北市內湖區民權東路六段180巷55弄1~30號
549,住宅竊盜,1041128,19~21,台北市大同區鄰江里18鄰重慶北路三段236巷31~60號
550,住宅竊盜,1041129,10~12,台北市士林區義信里2鄰大東路1~30號
551,住宅竊盜,1041129,10~12,台北市松山區南京東路四段52巷1~30號
552,住宅竊盜,1041129,19~21,台北市士林區天玉里天母北路4巷1~30號
553,住宅竊盜,1041130,10~12,台北市文山區興得里興隆路三段112巷4弄1~30號
554,住宅竊盜,1041201,07~09,台北市大同區揚雅里昌吉街61巷1~30號
555,住宅竊盜,1041201,10~12,台北市大安區黎元里安居街81巷1~30號
556,住宅竊盜,1041201,22~24,台北市信義區國業里松山路540巷3弄31 ~ 60號
557,住宅竊盜,1041202,07~09,台北市中山區雙城街28巷1~30號
558,住宅竊盜,1041203,04~06,台北市內湖區民權東路六段121~150號
559,住宅竊盜,1041203,04~06,台北市北投區榮光里石牌路一段166巷61~90號
560,住宅竊盜,1041203,10~12,台北市中山區吉林路241~270號
561,住宅竊盜,1041203,10~12,台北市北投區湖山里湖底路1~30號
562,住宅竊盜,1041204,10~12,台北市大安區光信里仁愛路四段301~330號
563,住宅竊盜,1041204,10~12,台北市松山區南京東路五段361~390號
564,住宅竊盜,1041205,22~24,台北市中山區新生北路二段41巷31~60號
565,住宅竊盜,1041206,07~09,台北市士林區福順里4鄰重慶北路四段61~90號
566,住宅竊盜,1041206,16~18,台北市士林區福志里忠勇街31~60號
567,住宅竊盜,1041207,19~21,台北市松山區南京東路四段1~30號
568,住宅竊盜,1041208,07~09,台北市大安區古風里泰順街1~30號
569,住宅竊盜,1041208,16~18,台北市士林區富光里葫蘆街47巷1~30號
570,住宅竊盜,1041208,22~24,台北市文山區景仁里羅斯福路六段91~120號
571,住宅竊盜,1041209,07~09,台北市中正區林興里羅斯福路三段121~150號
572,住宅竊盜,1041209,13~15,台北市內湖區康樂街76巷1~30號
573,住宅竊盜,1041210,16~18,台北市大安區正聲里光復南路346巷1~30號
574,住宅竊盜,1041211,07~09,台北市大安區昌隆里忠孝東路三段211~240號
575,住宅竊盜,1041211,19~21,台北市大同區斯文里承德路三段91~120號
576,住宅竊盜,1041212,04~06,台北市中山區龍江路229巷1~30號
577,住宅竊盜,1041212,04~06,台北市中山區龍江路229巷1~30號
578,住宅竊盜,1041212,10~12,台北市士林區社子里社正路45巷29弄1~30號
579,住宅竊盜,1041212,10~12,台北市松山區八德路三段12巷53弄1~30號
580,住宅竊盜,1041213,22~24,台北市信義區永吉里中坡北路43巷1~30號
581,住宅竊盜,1041214,16~18,台北市大安區群賢里和平東路三段1~30號
582,住宅竊盜,1041215,07~09,台北市中山區民權東路二段113巷1弄1~30號
583,住宅竊盜,1041215,22~24,台北市大安區仁愛里敦化南路一段270巷1~30號
584,住宅竊盜,1041216,10~12,台北市松山區南京東四段1~30號
585,住宅竊盜,1041216,13~15,台北市內湖區西湖里環山路一段59巷10弄1~30號
586,住宅竊盜,1041217,13~15,台北市士林區福中里通河東街一段136巷1~30號
587,住宅竊盜,1041219,07~09,台北市中山區林森北路119巷1~30號
588,住宅竊盜,1041219,22~24,台北市士林區福順里重慶北路四段49巷15弄31~60號
589,住宅竊盜,1041219,22~24,台北市中山區吉林路271~300號
590,住宅竊盜,1041220,10~12,台北市松山區光復北路230巷31~60號
591,住宅竊盜,1041220,10~12,台北市松山區健康路391~420號
592,住宅竊盜,1041220,10~12,台北市北投區立農里立農街1段22巷2弄1 ~ 30號
593,住宅竊盜,1041220,16~18,台北市大安區黎孝里安居街46巷1~30號
594,住宅竊盜,1041220,19~21,台北市信義區松友里信義路六段76巷8弄1~30號
595,住宅竊盜,1041221,10~12,台北市中正區網溪里同安街86巷1~30號
596,住宅竊盜,1041221,19~21,台北市內湖區東湖路113巷1~30號
597,住宅竊盜,1041221,22~24,台北市內湖區星雲路15巷18弄1~30號
598,住宅竊盜,1041222,04~06,台北市信義區中興里信義路四段361~390號
599,住宅竊盜,1041222,07~09,台北市萬華區富民路91~120號
600,住宅竊盜,1041222,07~09,台北市萬華區富民路91~120號
601,住宅竊盜,1041222,07~09,台北市萬華區富民路91~120號
602,住宅竊盜,1041222,10~12,台北市中正區網溪里廈門街99巷1~30號
603,住宅竊盜,1041222,10~12,台北市萬華區富民路91~120號
604,住宅竊盜,1041222,10~12,台北市萬華區富民路91~120號
605,住宅竊盜,1041223,01~03,台北市大同區至聖里重慶北路三段257巷1~30號
606,住宅竊盜,1041223,07~09,台北市萬華區長泰街1~30號
607,住宅竊盜,1041223,16~18,台北市士林區天母里中山北路七段219巷1~30號
608,住宅竊盜,1041223,19~21,台北市中正區網溪里廈門街99巷1~30號
609,住宅竊盜,1041224,10~12,台北市北投區立賢里尊賢街241~270號
610,住宅竊盜,1041224,13~15,台北市萬華區西園路一段241~270號
611,住宅竊盜,1041225,16~18,台北市士林區天和里中山北路七段14巷63弄1~30號
612,住宅竊盜,1041225,16~18,台北市中正區板溪里汀州路二段127巷1~30號
613,住宅竊盜,1041225,19~21,台北市內湖區康寧路一段173巷1~30號
614,住宅竊盜,1041226,10~12,台北市松山區塔悠路1~30號
615,住宅竊盜,1041226,22~24,台北市南港區九如里研究院路三段10巷1~30號
616,住宅竊盜,1041228,04~06,台北市內湖區麗山街348巷10弄1~30號
617,住宅竊盜,1041228,13~15,台北市中正區光復里漢口街一段80巷1~30號
618,住宅竊盜,1041228,16~18,台北市信義區雅祥市民大路六段1~30號
619,住宅竊盜,1041229,16~18,台北市士林區後港里14鄰承德路四段301~330號
620,住宅竊盜,1041229,22~24,台北市北投區立賢里尊賢街211~240號
621,住宅竊盜,1041230,04~06,台北市萬華區梧州街46巷10弄1~30號
622,住宅竊盜,1041230,04~06,台北市萬華區萬大路486巷1~30號
623,住宅竊盜,1041231,13~15,台北市大安區全安里5鄰和平東路三段91~120號
624,住宅竊盜,1041231,22~24,台北市文山區景興路275巷1~30號
625,住宅竊盜,1050101,01~03,台北市文山區木新里21鄰保儀路109巷1~30號
626,住宅竊盜,1050101,19~21,台北市松山區濱江街430巷1~30號
627,住宅竊盜,1050101,22~24,台北市中山區錦州街31~60號
628,住宅竊盜,1050101,22~24,台北市士林區中山北路7段14巷61 ~ 90號
629,住宅竊盜,1050101,22~24,台北市內湖區康樂街110巷16弄1 ~ 30號
630,住宅竊盜,1050102,10~12,台北市中正區龍興里三元街1 ~ 30號
631,住宅竊盜,1050102,16~18,台北市中山區松江路235巷1~30號
632,住宅竊盜,1050102,19~21,台北市中正區愛國西路1~30號
633,住宅竊盜,1050103,13~15,台北市信義區興隆里逸仙路50巷1~30號
634,住宅竊盜,1050103,16~18,台北市大安區錦華里杭州南路二段93巷1~30號
635,住宅竊盜,1050103,19~21,台北市中山區新生北路二段58巷1~30號
636,住宅竊盜,1050104,07~09,台北市內湖區康樂街136巷29弄31~60號
637,住宅竊盜,1050104,19~21,台北市大安區虎嘯里敦化南路二段151~180號
638,住宅竊盜,1050104,22~24,台北市松山區南京東路五段251巷46弄1~30號
639,住宅竊盜,1050105,13~15,台北市內湖區康寧路一段301~330號
640,住宅竊盜,1050106,01~03,台北市文山區順興里9鄰木新路二段158巷1弄1~30號
641,住宅竊盜,1050106,10~12,台北市中正區南福里寧波西街1~30號
642,住宅竊盜,1050107,13~15,台北市士林區蘭興里德行東路1~30號
643,住宅竊盜,1050107,16~18,台北市士林區蘭興里德行東路1~30號
644,住宅竊盜,1050107,19~21,台北市信義區五常里永吉路181~210號
645,住宅竊盜,1050108,22~24,台北市文山區萬隆里羅斯福路五段211~240號
646,住宅竊盜,1050109,22~24,台北市南港區鴻福里玉成街241~270號
647,住宅竊盜,1050110,04~06,台北市文山區萬盛里萬盛街91~120號
648,住宅竊盜,1050110,07~09,台北市北投區奇岩里公館路85巷2弄1~30號
649,住宅竊盜,1050110,16~18,台北市內湖區康樂街136巷30弄1~30號
650,住宅竊盜,1050110,19~21,台北市松山區南京東路五段250巷2弄1~30號
651,住宅竊盜,1050111,16~18,台北市士林區葫蘆里延平北路五段241~270號
652,住宅竊盜,1050111,16~18,台北市萬華區康定路1~30號
653,住宅竊盜,1050111,19~21,台北市士林區蘭雅里德行東路1~30號
654,住宅竊盜,1050112,07~09,台北市士林區天和里天母東路91巷1~30號
655,住宅竊盜,1050113,04~06,台北市內湖區康樂街220巷2弄1~30號
656,住宅竊盜,1050113,10~12,台北市大同區至聖里民族西路187巷1~30號
657,住宅竊盜,1050113,16~18,台北市北投區承德路七段361~390號
658,住宅竊盜,1050113,22~24,台北市南港區九如里研究院路三段10巷1~30號
659,住宅竊盜,1050114,10~12,台北市大同區雙連里重慶北路二段2巷151~180號
660,住宅竊盜,1050114,22~24,台北市中山區明水路541~570號
661,住宅竊盜,1050115,07~09,台北市南港區合成里忠孝東路六段61~90號
662,住宅竊盜,1050115,10~12,台北市文山區忠順里14鄰興隆路四段145巷83弄1~30號
663,住宅竊盜,1050116,10~12,台北市內湖區金湖路331~360號
664,住宅竊盜,1050116,16~18,台北市北投區開明里復興四路1~30號
665,住宅竊盜,1050117,13~15,台北市大安區民輝里八德路2段10巷1 ~ 30號
666,住宅竊盜,1050118,19~21,台北市內湖區金湖路1~30號
667,住宅竊盜,1050119,01~03,台北市中山區北安路630巷9弄1~30號
668,住宅竊盜,1050119,13~15,台北市大同區寧夏路121~150號
669,住宅竊盜,1050119,16~18,台北市文山區興得里興隆路三段31~60號
670,住宅竊盜,1050120,07~09,台北市萬華區莒光路271~300號
671,住宅竊盜,1050120,10~12,台北市大安區義安里敦化南路2段81巷31~60號
672,住宅竊盜,1050121,13~15,台北市士林區陽明里凱旋路61~90號
673,住宅竊盜,1050122,16~18,台北市松山區南京東路五段291巷6弄1~30號
674,住宅竊盜,1050122,22~24,台北市北投區智仁里中和街481~510號
675,住宅竊盜,1050123,07~09,台北市信義區雙和里吳興街284巷24弄61~90號
676,住宅竊盜,1050124,13~15,台北市文山區興昌里辛亥路四段101巷140弄1~30號
677,住宅竊盜,1050124,19~21,台北市中山區民生西路45巷9弄1~30號
678,住宅竊盜,1050125,07~09,台北市內湖區安康路434巷20弄1~30號
679,住宅竊盜,1050125,10~12,台北市大安區黎和里和平東路三段416巷25弄1~30號
680,住宅竊盜,1050125,10~12,台北市北投區中庸里雙全街62巷1~30號
681,住宅竊盜,1050125,10~12,台北市中正區黎明里重慶南路一段1~30號
682,住宅竊盜,1050126,07~09,台北市士林區百齡里8鄰福港街259巷1~30號
683,住宅竊盜,1050126,16~18,台北市松山區三民路96巷1~30號
684,住宅竊盜,1050127,13~15,台北市北投區立賢里實踐街5巷1~30號
685,住宅竊盜,1050128,13~15,台北市內湖區碧山里7鄰內湖路三段60巷12弄61~90號
686,住宅竊盜,1050128,19~21,台北市士林區福順里延平北路五段121~150號
687,住宅竊盜,1050129,04~06,台北市內湖區新明路380巷6弄1~30號
688,住宅竊盜,1050129,13~15,台北市北投區中央里中正街49巷31弄31~60號
689,住宅竊盜,1050129,16~18,台北市松山區南京東路五段291巷19弄31~60號
690,住宅竊盜,1050129,22~24,台北市內湖區文德路208巷6弄1~30號
691,住宅竊盜,1050130,10~12,台北市大安區黎孝里和平東路三段271~300號
692,住宅竊盜,1050130,22~24,台北市信義區忠孝東路四段481~510號
693,住宅竊盜,1050131,10~12,台北市中山區民權東路三段61~90號
694,住宅竊盜,1050131,22~24,台北市中山區林森北路107巷31~60號
695,住宅竊盜,1050201,19~21,台北市松山區南京東路五段181~210號
696,住宅竊盜,1050202,19~21,台北市南港區九如里研究院路三段10巷1~30號
697,住宅竊盜,1050203,04~06,台北市大同區玉泉里西寧北路86巷1~30號
698,住宅竊盜,1050203,07~09,台北市中山區新生北路三段87巷1~30號
699,住宅竊盜,1050203,10~12,台北市松山區南京東路五段389巷11弄1~30號
700,住宅竊盜,1050203,19~21,台北市南港區仁福里福德街373巷31~60號
701,住宅竊盜,1050204,13~15,台北市文山區萬隆里萬隆街61~90號
702,住宅竊盜,1050205,07~09,台北市中山區新生北路二段127巷31~60號
703,住宅竊盜,1050205,16~18,台北市士林區天壽里中山北路六段441巷1~30號
704,住宅竊盜,1050207,07~09,台北市中山區中山北路一段33巷1~30號
705,住宅竊盜,1050207,16~18,台北市大安區錦安里麗水街17巷1~30號
706,住宅竊盜,1050208,19~21,台北市大安區臨江里5鄰通化街123巷31~60號
707,住宅竊盜,1050209,10~12,台北市內湖區成功路二段250巷1~30號
708,住宅竊盜,1050209,22~24,台北市大安區通安里17鄰通化街170巷1~30號
709,住宅竊盜,1050210,07~09,台北市萬華區大理街160巷23弄1~30號
710,住宅竊盜,1050210,07~09,台北市松山區精忠里民生東路四段55巷1~30號
711,住宅竊盜,1050210,13~15,台北市士林區福中里12鄰通河東街一段124巷1~30號
712,住宅竊盜,1050210,19~21,台北市士林區天和里中山北路七段114巷61弄1~30號
713,住宅竊盜,1050211,10~12,台北市中山區民生東路二段147巷5弄1~30號
714,住宅竊盜,1050212,01~03,台北市士林區福林里10鄰中山北路五段280巷1~30號
715,住宅竊盜,1050212,16~18,台北市萬華區三水街61~90號
716,住宅竊盜,1050213,19~21,台北市信義區正和里光復南路421巷91~120號
717,住宅竊盜,1050214,19~21,台北市南港區東新里向陽路120巷2弄1~30號
718,住宅竊盜,1050217,01~03,台北市中正區水源里羅斯福路四段52巷16弄1~30號
719,住宅竊盜,1050217,10~12,台北市中山區吉林路199巷1~30號
720,住宅竊盜,1050217,16~18,台北市北投區吉利里石牌路一段39巷120弄1~30號
721,住宅竊盜,1050218,01~03,台北市中山區農安街1~30號
722,住宅竊盜,1050218,01~03,台北市中山區民權東路二段152巷6弄1~30號
723,住宅竊盜,1050219,13~15,台北市松山區市民大道五段121~150號
724,住宅竊盜,1050219,16~18,台北市中山區伊通街99巷15之1~30號
725,住宅竊盜,1050220,01~03,台北市士林區福順里重慶北路四段61~90號
726,住宅竊盜,1050220,07~09,台北市內湖區港富里18鄰內湖路一段737巷91~120號
727,住宅竊盜,1050220,19~21,台北市萬華區大理街159巷3弄1~30號
728,住宅竊盜,1050221,07~09,台北市萬華區萬大路277巷31~60號
729,住宅竊盜,1050222,10~12,台北市萬華區萬大路486巷37弄1~30號
730,住宅竊盜,1050223,04~06,台北市中正區愛國里9鄰延平南路258巷1~30號
731,住宅竊盜,1050223,13~15,台北市北投區福興里自強街5巷91~120號
732,住宅竊盜,1050224,13~15,台北市士林區後港里大南路391~420號
733,住宅竊盜,1050225,10~12,台北市文山區辛亥路六段31~60號
734,住宅竊盜,1050225,22~24,台北市內湖區新明路219巷2弄1~30號
735,住宅竊盜,1050226,07~09,台北市中正區文盛里羅斯福路三段316巷9弄1~30號
736,住宅竊盜,1050226,10~12,台北市大安區正聲里仁愛路四段391~420號
737,住宅竊盜,1050227,10~12,台北市萬華區中華路2段364巷1 ~ 30號
738,住宅竊盜,1050227,19~21,台北市萬華區中華路二段416巷61~90號
739,住宅竊盜,1050228,16~18,台北市中山區新生北路二段27巷1~30號
740,住宅竊盜,1050301,10~12,台北市松山區東新街54巷1~30號
741,住宅竊盜,1050302,13~15,台北市大同區市民大道一段181~210號
742,住宅竊盜,1050303,01~03,台北市士林區社新里6鄰社子街31~60號
743,住宅竊盜,1050303,07~09,台北市北投區吉慶里承德路七段164巷1~30號
744,住宅竊盜,1050304,07~09,台北市中山區民族東路31~60號
745,住宅竊盜,1050304,10~12,台北市北投區開明里復興四路8巷1~30號
746,住宅竊盜,1050305,22~24,台北市士林區天壽里16鄰天母西路31~60號
747,住宅竊盜,1050306,01~03,台北市大同區至聖里大龍街241 ~ 270號
748,住宅竊盜,1050306,10~12,台北市中山區龍江路295巷1~30號
749,住宅竊盜,1050307,16~18,台北市內湖區內湖路二段301~330號
750,住宅竊盜,1050307,22~24,台北市大安區建倫里22鄰忠孝東路四段170巷17弄1~30號
751,住宅竊盜,1050308,01~03,台北市文山區景慶里景福街242巷1~30號
752,住宅竊盜,1050308,10~12,台北市中正區南福里羅斯福路一段90巷1~30號
753,住宅竊盜,1050308,13~15,台北市內湖區新富街31~60號
754,住宅竊盜,1050310,13~15,台北市萬華區大理街31~60號
755,住宅竊盜,1050310,16~18,台北市大安區光武里24鄰復興南路一段135巷1~30號
756,住宅竊盜,1050311,01~03,台北市士林區社新里社子街112巷20弄1~30號
757,住宅竊盜,1050311,01~03,台北市士林區社新里19鄰社子街22巷65弄1~30號
758,住宅竊盜,1050312,01~03,台北市松山區寶清街1~30號
759,住宅竊盜,1050313,07~09,台北市松山區南京東路五段251巷22弄31~60號
760,住宅竊盜,1050314,16~18,台北市士林區蘭興里德行西路93巷6弄1~30號
761,住宅竊盜,1050314,16~18,台北市信義區六合里信義路五段150巷391~420號
762,住宅竊盜,1050314,19~21,台北市中山區錦州街31~60號
763,住宅竊盜,1050314,19~21,台北市中山區林森北路391~420號
764,住宅竊盜,1050314,22~24,台北市中山區市民大道三段121~150號
765,住宅竊盜,1050315,13~15,台北市中山區中山北路一段33巷31~60號
766,住宅竊盜,1050316,07~09,台北市士林區永福里莊頂路91~120號
767,住宅竊盜,1050316,19~21,台北市北投區開明里中和街278巷13樓
768,住宅竊盜,1050317,07~09,台北市中正區南福里羅斯福路二段8巷14弄1~30號
769,住宅竊盜,1050318,07~09,台北市大安區群賢里和平東路2段301 ~ 330號
770,住宅竊盜,1050318,22~24,台北市中山區林森北路391~420號
771,住宅竊盜,1050320,13~15,台北市中正區水源里汀州路三段230巷25弄1~30號
772,住宅竊盜,1050320,16~18,台北市中山區中山北路一段33巷20弄1~30號
773,住宅竊盜,1050321,10~12,台北市士林區天母里天母北路87巷2弄1~30號
774,住宅竊盜,1050321,22~24,台北市中山區中山北路二段137巷24之1~30號
775,住宅竊盜,1050322,16~18,台北市大安區建倫里安和路一段31~60號
776,住宅竊盜,1050323,01~03,台北市士林區天祿里士東路91巷1~30號
777,住宅竊盜,1050323,22~24,台北市中正區頂東里羅斯福路三段58巷1~30號
778,住宅竊盜,1050324,19~21,台北市中山區長春路91~120號
779,住宅竊盜,1050325,01~03,台北市內湖區內湖路一段411巷1~30號
780,住宅竊盜,1050328,19~21,台北市萬華區長泰街241~270號
781,住宅竊盜,1050328,22~24,台北市大安區德安里敦化南路1段331 ~ 360號
782,住宅竊盜,1050330,10~12,台北市內湖區文德路22巷16弄1~30號
783,住宅竊盜,1050330,22~24,台北市北投區中庸里大業路691 ~ 720號
784,住宅竊盜,1050331,22~24,台北市士林區臨溪里至善路二段323巷1~30號
785,住宅竊盜,1050401,16~18,台北市萬華區頂碩里7鄰大埔街1~30號
786,住宅竊盜,1050401,22~24,台北市信義區永吉里松山路151~180號
787,住宅竊盜,1050402,19~21,台北市信義區大道里中坡南路1~30號
788,住宅竊盜,1050403,13~15,台北市萬華區青年路31~60號
789,住宅竊盜,1050403,13~15,台北市萬華區青年路31~60號
790,住宅竊盜,1050403,16~18,台北市北投區榮華里富貴一路1巷1~30號
791,住宅竊盜,1050403,19~21,台北市萬華區廣州街61~90號
792,住宅竊盜,1050404,07~09,台北市北投區中央里中央南路一段102巷1~30號
793,住宅竊盜,1050404,10~12,台北市北投區石牌里明德路67巷1~30號
794,住宅竊盜,1050405,22~24,台北市大安區錦泰里7鄰杭州南路二段61巷1~30號
795,住宅竊盜,1050406,16~18,台北市大同區景星里迪化街2段61 ~ 90號
796,住宅竊盜,1050407,07~09,台北市文山區興旺里10鄰福興路4巷7弄1~30號
797,住宅竊盜,1050407,10~12,台北市中正區南門里延平南路181~210號
798,住宅竊盜,1050407,13~15,台北市大同區蓬萊里大龍街181~210號
799,住宅竊盜,1050408,13~15,台北市大同區光能里寧夏路31~60號
800,住宅竊盜,1050408,19~21,台北市南港區舊莊里合順街8巷5弄31~60號
801,住宅竊盜,1050408,19~21,台北市松山區民生東路三段112巷7弄1~30號
802,住宅竊盜,1050409,19~21,台北市萬華區新和里19鄰中華路二段416巷61~90號
803,住宅竊盜,1050410,01~03,台北市文山區華興里24鄰富山路1~30號
804,住宅竊盜,1050410,16~18,台北市松山區南京東路五段391~420號
805,住宅竊盜,1050410,22~24,台北市內湖區康寧路三段99巷10弄1~30號
806,住宅竊盜,1050411,19~21,台北市內湖區成功路三段91~120號
807,住宅竊盜,1050413,19~21,台北市士林區福華里12鄰承德路四段40巷121~150號
808,住宅竊盜,1050414,01~03,台北市中山區松江路37巷1~30號
809,住宅竊盜,1050414,01~03,台北市松山區寶清街1~30號
810,住宅竊盜,1050414,19~21,台北市士林區社子里中正路601~630號
811,住宅竊盜,1050415,10~12,台北市大安區古風里師大路31~60號
812,住宅竊盜,1050415,10~12,台北市大安區光信里光復南路451 ~ 480號
813,住宅竊盜,1050416,01~03,台北市士林區聖山里15鄰德行東路190巷6弄1~30號
814,住宅竊盜,1050416,07~09,台北市北投區湖山里紗帽路1~30號
815,住宅竊盜,1050416,22~24,台北市中正區永昌里汀州路一段242巷1~30號
816,住宅竊盜,1050418,22~24,台北市中正區永功里汀州路1段312巷1 ~ 30號
817,住宅竊盜,1050419,01~03,台北市中正區永昌里汀州路一段211~240號
818,住宅竊盜,1050419,19~21,台北市文山區萬盛里羅斯福路五段53巷1~30號
819,住宅竊盜,1050419,19~21,台北市大同區永樂里民樂街1~30號
820,住宅竊盜,1050419,19~21,台北市北投區永明里立農街二段202巷2弄1~30號
821,住宅竊盜,1050419,22~24,台北市內湖區內湖路一段91巷1~30號
822,住宅竊盜,1050420,19~21,台北市中正區永昌里汀州路一段242巷1~30號
823,住宅竊盜,1050421,01~03,台北市中山區民權東路二段135巷1~30號
824,住宅竊盜,1050421,16~18,台北市北投區永和里行義路140巷1~30號
825,住宅竊盜,1050423,04~06,台北市北投區文化里文化三路61~90號
826,住宅竊盜,1050424,04~06,台北市中正區頂東里晉江街124巷8弄1~30號
827,住宅竊盜,1050424,07~09,台北市南港區百福里福德街339巷5弄1 ~ 30號
828,住宅竊盜,1050424,10~12,台北市信義區六藝里永吉路180巷70弄1 ~ 30號
829,住宅竊盜,1050425,04~06,台北市中山區農安街1 ~ 30號
830,住宅竊盜,1050425,10~12,台北市大安區仁愛里大安路一段106巷1~30號
831,住宅竊盜,1050425,10~12,台北市萬華區環河南路2段271 ~ 300號
832,住宅竊盜,1050425,22~24,台北市松山區慶城街31~60號
833,住宅竊盜,1050425,22~24,台北市北投區東華里立農街2段151 ~ 180號
834,住宅竊盜,1050425,22~24,台北市北投區東華里立農街2段151 ~ 180號
835,住宅竊盜,1050426,04~06,台北市萬華區萬大路277巷31~60號
836,住宅竊盜,1050426,13~15,台北市中山區吉林路161巷1~30號
837,住宅竊盜,1050427,04~06,台北市信義區大道里忠孝東路五段790巷25弄1~30號
838,住宅竊盜,1050427,04~06,台北市中山區林森北路119巷31~60號
839,住宅竊盜,1050427,07~09,台北市內湖區行善路361~390號
840,住宅竊盜,1050427,13~15,台北市大同區玉泉里忠孝西路二段1~30號
841,住宅竊盜,1050427,16~18,台北市大安區仁愛里大安路一段96巷1~30號
842,住宅竊盜,1050427,16~18,台北市南港區重陽里向陽路258巷
843,住宅竊盜,1050429,19~21,台北市中正區永昌里中華路二段381巷1~30號
844,住宅竊盜,1050430,10~12,台北市大同區斯文里承德路三段61~90號
845,住宅竊盜,1050501,10~12,台北市大安區臥龍街151~180號
846,住宅竊盜,1050501,22~24,台北市大安區正聲里03鄰光復南路260巷31~60號
847,住宅竊盜,1050502,10~12,台北市大同區朝陽里南京西路344巷31~60號
848,住宅竊盜,1050502,13~15,台北市松山區敦化北路145巷18弄1~30號
849,住宅竊盜,1050503,19~21,台北市大安區敦煌里信義路四段265巷20弄1~30號
850,住宅竊盜,1050505,13~15,台北市大同區斯文里承德路三段61~90號
851,住宅竊盜,1050506,01~03,台北市南港區東新里興南街64巷26弄1 ~ 30號
852,住宅竊盜,1050508,07~09,台北市大同區星明里太原路175巷1~30號
853,住宅竊盜,1050508,07~09,台北市內湖區安泰街31~60號
854,住宅竊盜,1050508,19~21,台北市大安區龍圖里建國南路2段79巷1 ~ 30號
855,住宅竊盜,1050509,19~21,台北市中山區大直街52巷1~30號
856,住宅竊盜,1050510,13~15,台北市士林區舊佳里11鄰前街61~90號
857,住宅竊盜,1050510,19~21,台北市萬華區萬大路71巷31~60號
858,住宅竊盜,1050511,22~24,台北市大安區光信里仁愛路四段408巷1~30號
859,住宅竊盜,1050512,01~03,台北市大安區建倫里忠孝東路4段170巷17弄1 ~ 30號
860,住宅竊盜,1050512,10~12,台北市文山區忠順里014鄰興隆路4段145巷83弄1 ~ 30號
861,住宅竊盜,1050512,16~18,台北市文山區興家里27鄰興隆路三段185巷7弄1~30號
862,住宅竊盜,1050513,07~09,台北市中山區新生北路二段61~90號
863,住宅竊盜,1050513,16~18,台北市大安區住安里信義路四段1~30號
864,住宅竊盜,1050513,16~18,台北市萬華區西園路二段241~270號
865,住宅竊盜,1050513,16~18,台北市萬華區青年路152巷1~30號
866,住宅竊盜,1050513,22~24,台北市萬華區中華路二段416巷61~90號
867,住宅竊盜,1050514,13~15,台北市士林區天和里天母東路107巷1~30號
868,住宅竊盜,1050515,01~03,台北市中正區龍光里和平西路二段1~30號
869,住宅竊盜,1050515,10~12,台北市中山區新生北路二段91~120號
870,住宅竊盜,1050515,19~21,台北市大同區鄰江里酒泉街241~270號
871,住宅竊盜,1050518,19~21,台北市萬華區康定路278巷17弄
872,住宅竊盜,1050520,01~03,台北市內湖區內溝里康樂街201巷1~30號
873,住宅竊盜,1050520,16~18,台北市萬華區寶興街80巷31~60號
874,住宅竊盜,1050521,04~06,台北市北投區開明里翠雲街26巷1~30號
875,住宅竊盜,1050521,04~06,台北市中山區民權東路二段135巷1~30號
876,住宅竊盜,1050522,07~09,台北市大同區保安里哈密街59巷38弄31~60號
877,住宅竊盜,1050522,13~15,台北市士林區福志里幸福街5巷1~30號
878,住宅竊盜,1050524,13~15,台北市內湖區港富里13鄰港墘路37巷1~30號
879,住宅竊盜,1050526,16~18,台北市北投區永和里行義路241~270號
880,住宅竊盜,1050528,22~24,台北市文山區木新里15鄰木新路二段66巷1~30號
881,住宅竊盜,1050530,10~12,台北市南港區鴻福里玉成街235巷23弄1 ~ 30號
882,住宅竊盜,1050530,13~15,台北市大安區臨江里通化街39巷50弄1~30號
883,住宅竊盜,1050531,01~03,台北市南港區東新里興南街61~90號
884,住宅竊盜,1050601,13~15,台北市北投區東華里立農街2段151~180號
885,住宅竊盜,1050601,13~15,台北市內湖區內湖路一段411巷90弄1~30號
886,住宅竊盜,1050602,13~15,台北市士林區福華里承德路四段40巷1~30號
887,住宅竊盜,1050603,13~15,台北市大安區法治里樂利路11巷1~30號
888,住宅竊盜,1050603,13~15,台北市文山區景行里21鄰景興路238巷1~30號
889,住宅竊盜,1050604,07~09,台北市中正區黎明里重慶南路1段1 ~ 30號
890,住宅竊盜,1050604,10~12,台北市松山區新中街6巷1 ~ 30號
891,住宅竊盜,1050605,07~09,台北市士林區葫東里葫東街1~30號
892,住宅竊盜,1050605,22~24,台北市信義區安康里松勇路31~60號
893,住宅竊盜,1050606,01~03,台北市大同區至聖里重慶北路三段223巷31~60號
894,住宅竊盜,1050606,04~06,台北市文山區興豐里景豐街48巷11弄1~30號
895,住宅竊盜,1050606,07~09,台北市士林區三玉里忠誠路二段76巷1~30號
896,住宅竊盜,1050606,10~12,台北市士林區延平北路五段136巷31~60號
897,住宅竊盜,1050608,13~15,台北市北投區永和里行義路17巷1 ~ 30號
898,住宅竊盜,1050609,07~09,台北市內湖區康樂街136巷29弄31~60號
899,住宅竊盜,1050609,13~15,台北市大安區住安里四維路124巷1~30號
900,住宅竊盜,1050609,22~24,台北市北投區東華里立農街二段151~180號
901,住宅竊盜,1050609,22~24,台北市北投區東華里立農街2段151 ~ 180號
902,住宅竊盜,1050610,13~15,台北市萬華區大理街160巷11弄1~30號
903,住宅竊盜,1050611,10~12,台北市中正區忠勤里惠安街31~60號
904,住宅竊盜,1050611,13~15,台北市文山區樟林里014鄰木新路3段241 ~ 270號
905,住宅竊盜,1050612,04~06,台北市北投區智仁里中和街507巷6弄1~30號
906,住宅竊盜,1050612,16~18,台北市士林區蘭興里克強路10巷4弄1~30號
907,住宅竊盜,1050613,16~18,台北市文山區景慶里溪口街31~60號
908,住宅竊盜,1050613,16~18,台北市北投區永欣里石牌路二段331巷1~30號
909,住宅竊盜,1050614,01~03,台北市北投區中庸里大同街208巷1~30號
910,住宅竊盜,1050614,01~03,台北市中正區新營里林森南路121~150號
911,住宅竊盜,1050614,19~21,台北市南港區南港里興中路61~90號
912,住宅竊盜,1050614,19~21,台北市南港區南港里興中路61 ~ 90號
913,住宅竊盜,1050615,07~09,台北市大安區龍雲里大安路二段151~180號
914,住宅竊盜,1050616,10~12,台北市文山區博嘉里010鄰和平東路四段361~390號
915,住宅竊盜,1050617,07~09,台北市南港區中研里研究院路二段2巷12弄1~30號
916,住宅竊盜,1050617,07~09,台北市南港區南港里興中路28巷31~60號
917,住宅竊盜,1050618,07~09,台北市士林區福志里與農路49巷1~30號
918,住宅竊盜,1050618,13~15,台北市北投區東華里立農街2段151 ~ 180號
919,住宅竊盜,1050619,07~09,台北市文山區華興里002鄰試院路144巷4弄1 ~ 30號
920,住宅竊盜,1050619,19~21,台北市北投區中央北路4段391 ~ 420號
921,住宅竊盜,1050620,19~21,台北市內湖區康寧路一段214巷1~30號
922,住宅竊盜,1050621,13~15,台北市大安區新龍里瑞安街208巷78弄1~30號
923,住宅竊盜,1050621,22~24,台北市大安區通化里信義路4段378巷1~30號
924,住宅竊盜,1050622,01~03,台北市中山區林森北路310巷1~30號
925,住宅竊盜,1050622,01~03,台北市中山區林森北路310巷1~30號
926,住宅竊盜,1050623,07~09,台北市大同區重慶北路3段271 ~ 300號
927,住宅竊盜,1050624,04~06,台北市萬華區西藏路181 ~ 210號
928,住宅竊盜,1050624,19~21,台北市內湖區康寧路三段75巷186弄121~150號
929,住宅竊盜,1050625,04~06,台北市內湖區行善路25巷40弄1~30號
930,住宅竊盜,1050625,07~09,台北市士林區聖山里忠誠路一段151~180號
931,住宅竊盜,1050625,10~12,台北市大安區敦安里信義路四段181~210號
932,住宅竊盜,1050626,01~03,台北市大安區通化里信義路4段378巷1 ~ 30號
933,住宅竊盜,1050628,16~18,台北市內湖區民權東路6段90巷5弄1 ~ 30號
934,住宅竊盜,1050629,10~12,台北市中正區富水里汀州路三段60巷2弄1~30號
935,住宅竊盜,1050629,13~15,台北市萬華區西園路二段241~270號
936,住宅竊盜,1050629,16~18,台北市士林區天母里15鄰天玉街81巷1~30號
937,住宅竊盜,1050630,16~18,台北市南港區舊莊里合順街8巷5弄1~30號
938,住宅竊盜,1050630,22~24,台北市中山區吉林路433項31 ~ 60號
939,住宅竊盜,1050701,01~03,台北市信義區大道里忠孝東路五段790巷62弄1~30號
940,住宅竊盜,1050701,04~06,台北市萬華區寶興街188巷1~30號
941,住宅竊盜,1050701,10~12,台北市萬華區大理街31 ~ 60號
942,住宅竊盜,1050701,13~15,台北市士林區菁山里9鄰菁山路99巷1~30號
943,住宅竊盜,1050702,07~09,台北市內湖區東湖路113巷1~30號
944,住宅竊盜,1050702,13~15,台北市大同區隆和里伊寧街61 ~ 90號
945,住宅竊盜,1050703,04~06,台北市大同區雙連里錦西街52巷1~30號
946,住宅竊盜,1050704,10~12,台北市北投區大興街24巷5弄1 ~ 30號
947,住宅竊盜,1050704,10~12,台北市萬華區長順街
948,住宅竊盜,1050704,10~12,台北市萬華區長順街91 ~ 120號
949,住宅竊盜,1050704,13~15,台北市信義區景新里莊敬路289巷1~30號
950,住宅竊盜,1050704,19~21,台北市中正區東門里信義路一段1~30號
951,住宅竊盜,1050705,04~06,台北市內湖區民權東路六段90巷15弄1~30號
952,住宅竊盜,1050705,07~09,台北市北投區湖田里竹子湖路1~30號
953,住宅竊盜,1050705,07~09,台北市士林區蘭興里克強路10巷9弄1 ~ 30號
954,住宅竊盜,1050705,07~09,台北市北投區湖田里竹子湖路1 ~ 30號
955,住宅竊盜,1050705,13~15,台北市萬華區西園路1段125巷1 ~ 30號
956,住宅竊盜,1050705,16~18,台北市中山區民生東路二段61~90號
957,住宅竊盜,1050706,01~03,台北市中山區龍江路457巷1 ~ 30號
958,住宅竊盜,1050706,04~06,台北市中山區龍江路391 ~ 420號
959,住宅竊盜,1050706,07~09,台北市士林區天和里中山北路七段190巷31~60號
960,住宅竊盜,1050707,13~15,台北市大安區和平東路三段61~90號
961,住宅竊盜,1050707,13~15,台北市南港區三重里園區街14巷1~30號
962,住宅竊盜,1050709,10~12,台北市大同區朝陽里天水路31~60號
963,住宅竊盜,1050710,10~12,台北市松山區敦化北路222巷1 ~ 30號
964,住宅竊盜,1050710,10~12,台北市松山區健康路391 ~ 420號
965,住宅竊盜,1050710,16~18,台北市北投區中央里中央南路二段91~120號
966,住宅竊盜,1050711,22~24,台北市北投區榮華里榮華二路1~30號
967,住宅竊盜,1050712,10~12,台北市士林區東山里1鄰德行東路397巷1~30號
968,住宅竊盜,1050713,01~03,台北市萬華區長沙街2段121 ~ 150號
969,住宅竊盜,1050713,01~03,台北市北投區湖山里湖山路2段91 ~ 120號
970,住宅竊盜,1050714,10~12,台北市南港區中研里研究院路二段12巷57弄61~90號
971,住宅竊盜,1050715,01~03,台北市松山區塔悠路186巷1 ~ 30號
972,住宅竊盜,1050716,22~24,台北市文山區萬祥里景明街61~90號
973,住宅竊盜,1050716,22~24,台北市大同區玉泉里延平北路1段66巷1 ~ 30號
974,住宅竊盜,1050717,10~12,台北市中山區中山北路三段55巷1~30號
975,住宅竊盜,1050719,22~24,台北市中山區龍江路37巷1 ~ 30號
976,住宅竊盜,1050720,01~03,台北市中正區板溪里牯嶺街91 ~ 120號
977,住宅竊盜,1050720,13~15,台北市大同區光能里南京西路61 ~ 90號
978,住宅竊盜,1050721,10~12,台北市北投區長安里溫泉路61~90號
979,住宅竊盜,1050721,19~21,台北市文山區萬美里027鄰萬寧街151~180號
980,住宅竊盜,1050722,01~03,台北市士林區菁山里菁山路121 ~ 150號
981,住宅竊盜,1050722,07~09,台北市內湖區潭美街211~240號
982,住宅竊盜,1050722,19~21,台北市中山區合江街58巷1~30號
983,住宅竊盜,1050723,22~24,台北市中正區愛國里中華路2段81巷1 ~ 30號
984,住宅竊盜,1050725,13~15,台北市松山區撫遠街300巷1 ~ 30號
985,住宅竊盜,1050726,19~21,台北市士林區永倫里5鄰社中街346巷2弄31~60號
986,住宅竊盜,1050727,01~03,台北市中山區民族東路410巷1~30號
987,住宅竊盜,1050727,01~03,台北市中山區龍江路394巷31~60號
988,住宅竊盜,1050727,16~18,台北市士林區公館里2鄰永公路340巷61~90號
989,住宅竊盜,1050728,07~09,台北市南港區成福里成福路121巷1~30號
990,住宅竊盜,1050728,22~24,台北市北投區石牌里致遠一路一段46巷21弄1~30號
991,住宅竊盜,1050729,01~03,台北市中山區民權東路2段1 ~ 30號
992,住宅竊盜,1050731,01~03,台北市大安區通化里信義路四段378巷1~30號
993,住宅竊盜,1050731,22~24,台北市信義區松光里林口街1 ~ 30號
994,住宅竊盜,1050731,22~24,台北市中正區水源里羅斯福路4段61 ~ 90號
995,住宅竊盜,1050801,10~12,台北市北投區公館路209巷38弄1 ~ 30號
996,住宅竊盜,1050801,16~18,台北市中山區新生北路3段1 ~ 30號
997,住宅竊盜,1050801,22~24,台北市內湖區內湖路一段301 ~ 330號
998,住宅竊盜,1050801,22~24,台北市北投區溫泉里溫泉路61 ~ 90號
999,住宅竊盜,1050802,04~06,台北市士林區天玉里5鄰天母北路1 ~ 30號
1000,住宅竊盜,1050802,04~06,台北市中山區撫順街1 ~ 30號
1001,住宅竊盜,1050805,04~06,台北市信義區三犁里松勤街140巷1 ~ 30號
1002,住宅竊盜,1050805,16~18,台北市北投區清江里清江路31 ~ 60號
1003,住宅竊盜,1050808,04~06,台北市南港區三重里新民街31 ~ 60號
1004,住宅竊盜,1050808,16~18,台北市北投區吉利里13鄰吉利街280巷27弄1 ~ 30號
1005,住宅竊盜,1050808,16~18,台北市北投區中庸里永興路1段1 ~ 30號
1006,住宅竊盜,1050808,16~18,台北市士林區永倫里永平街9巷1 ~ 30號
1007,住宅竊盜,1050809,07~09,台北市信義區景聯里基隆路2段79巷1 ~ 30號
1008,住宅竊盜,1050809,13~15,台北市中山區中山北路2段93巷1 ~ 30號
1009,住宅竊盜,1050809,19~21,台北市士林區社子里2鄰通河西街2段1 ~ 30號
1010,住宅竊盜,1050810,13~15,台北市大安區和安里建國南路1段301 ~ 330號
1011,住宅竊盜,1050810,16~18,台北市士林區天母里中山北路7段190巷31 ~ 60號
1012,住宅竊盜,1050810,16~18,台北市中山區民生東路3段91 ~ 120號
1013,住宅竊盜,1050810,19~21,台北市北投區關渡里大度路3段301巷150弄1 ~ 30號
1014,住宅竊盜,1050811,04~06,台北市南港區三重里新民街31 ~ 60號
1015,住宅竊盜,1050812,13~15,台北市北投區桃源里4鄰中央北路3段1 ~ 30號
1016,住宅竊盜,1050813,22~24,台北市內湖區江南街21巷1 ~ 30號
1017,住宅竊盜,1050814,10~12,台北市信義區正和里仁愛路4段511 ~ 540號
1018,住宅竊盜,1050815,10~12,台北市中山區合江街91 ~ 120號
1019,住宅竊盜,1050816,13~15,台北市士林區三玉里1鄰芝玉路2段20巷1 ~ 30號
1020,住宅竊盜,1050817,04~06,台北市中正區新營里金華街26之1 ~ 30號
1021,住宅竊盜,1050817,16~18,台北市文山區樟新里013鄰木新路3段243巷4弄1 ~ 30號
1022,住宅竊盜,1050818,13~15,台北市南港區新光里東新街180巷121 ~ 150號
1023,住宅竊盜,1050818,16~18,台北市士林區天山里12鄰中山北路7段14巷31弄1 ~ 30號
1024,住宅竊盜,1050819,01~03,台北市大安區法治里通化街180巷1 ~ 30號
1025,住宅竊盜,1050819,07~09,台北市內湖區東湖里康樂街48巷1 ~ 30號
1026,住宅竊盜,1050819,19~21,台北市士林區岩山里9鄰忠義路91巷1 ~ 30號
1027,住宅竊盜,1050821,16~18,台北市萬華區武成街101巷1 ~ 30號
1028,住宅竊盜,1050822,01~03,台北市南港區鴻福里玉成街235巷23弄1 ~ 30號
1029,住宅竊盜,1050822,13~15,台北市萬華區錦德里3鄰西園路2段261巷12弄1 ~ 30號
1030,住宅竊盜,1050822,13~15,台北市北投區永明里立農街2段202巷2弄1 ~ 30號
1031,住宅竊盜,1050823,07~09,台北市南港區中研里研究院路2段70巷17弄1 ~ 30號
1032,住宅竊盜,1050824,01~03,台北市中正區光復里重慶南路1段46巷1 ~ 30號
1033,住宅竊盜,1050824,04~06,台北市士林區翠山里中社路1段11巷91 ~ 120號
1034,住宅竊盜,1050824,13~15,台北市北投區中和街474巷1 ~ 30號
1035,住宅竊盜,1050826,04~06,台北市中山區林森北路271 ~ 300號
1036,住宅竊盜,1050826,07~09,台北市內湖區明湖里4鄰康寧路3段165巷23弄1 ~ 30號
1037,住宅竊盜,1050826,19~21,台北市大同區至聖里酒泉街61 ~ 90號
1038,住宅竊盜,1050827,04~06,台北市大安區法治里9鄰通化街182巷1 ~ 30號
1039,住宅竊盜,1050827,22~24,台北市內湖區成功路5段61 ~ 90號
1040,住宅竊盜,1050828,01~03,台北市內湖區成功路2段486巷1 ~ 30號
1041,住宅竊盜,1050828,07~09,台北市信義區正和里仁愛路4段511 ~ 540號
1042,住宅竊盜,1050828,10~12,台北市大安區仁愛里仁愛路4段27巷31 ~ 60號
1043,住宅竊盜,1050829,04~06,台北市內湖區港墘路155巷7弄1 ~ 30號
1044,住宅竊盜,1050829,19~21,台北市內湖區康樂街193之1 ~ 30號
1045,住宅竊盜,1050829,22~24,台北市中正區光復里重慶南路1段46巷1 ~ 30號
1046,住宅竊盜,1050829,22~24,台北市松山區民族東路661 ~ 690號
1047,住宅竊盜,1050830,10~12,台北市信義區三犁里松勤街121 ~ 150號
1048,住宅竊盜,1050830,13~15,台北市中山區敬業三路151 ~ 180號
1049,住宅竊盜,1050831,13~15,台北市文山區景華里三福街4巷31 ~ 60號
1050,住宅竊盜,1050901,01~03,台北市北投區秀山里中和街502巷14弄1 ~ 30號
1051,住宅竊盜,1050901,07~09,台北市南港區九如里研究院路3段68巷1 ~ 30號
1052,住宅竊盜,1050901,07~09,台北市大安區民輝里新生南路1段103巷1 ~ 30號
1053,住宅竊盜,1050901,13~15,台北市信義區永春里中坡北路15巷1 ~ 30號
1054,住宅竊盜,1050902,07~09,台北市南港區百福里福德街339巷1弄1 ~ 30號
1055,住宅竊盜,1050902,07~09,台北市文山區木柵里018鄰秀明路1段61 ~ 90號
1056,住宅竊盜,1050902,19~21,台北市萬華區大理街160巷19弄1 ~ 30號
1057,住宅竊盜,1050903,01~03,台北市中山區龍江路377巷22之1 ~ 30號
1058,住宅竊盜,1050903,10~12,台北市中山區龍江路370巷31 ~ 60號
1059,住宅竊盜,1050904,10~12,台北市內湖區五分里23鄰康寧路3段265巷31 ~ 60號
1060,住宅竊盜,1050906,01~03,台北市內湖區民權東路6段90巷25弄31 ~ 60號
1061,住宅竊盜,1050906,13~15,台北市內湖區文德路210巷30弄61 ~ 90號
1062,住宅竊盜,1050908,10~12,台北市北投區致遠二路5巷1 ~ 30號
1063,住宅竊盜,1050909,01~03,台北市大安區通安里通化街162巷1 ~ 30號
1064,住宅竊盜,1050910,01~03,台北市大安區臨江里通化街171巷1 ~ 30號
1065,住宅竊盜,1050912,22~24,台北市內湖區內湖路2段179巷241 ~ 270號
1066,住宅竊盜,1050913,19~21,台北市大安區臨江里通化街123巷1 ~ 30號
1067,住宅竊盜,1050914,07~09,台北市文山區景美里萬慶街31 ~ 60號
1068,住宅竊盜,1050914,10~12,台北市士林區忠誠路2段21巷1 ~ 30號
1069,住宅竊盜,1050914,19~21,台北市南港區萬福里忠孝東路6段91 ~ 120號
1070,住宅竊盜,1050915,16~18,台北市信義區中行里福德街221巷181 ~ 210號
1071,住宅竊盜,1050917,19~21,台北市文山區華興里027鄰木柵路1段301 ~ 330號
1072,住宅竊盜,1050918,04~06,台北市內湖區蘆洲里5鄰安康路31 ~ 60號
1073,住宅竊盜,1050918,10~12,台北市信義區大道里大道路61 ~ 90號
1074,住宅竊盜,1050918,22~24,台北市士林區天壽里13鄰天母西路1 ~ 30號
1075,住宅竊盜,1050919,04~06,台北市文山區順興里010鄰木新路3段74巷1 ~ 30號
1076,住宅竊盜,1050919,07~09,台北市信義區長春里虎林街104巷140弄1 ~ 30號
1077,住宅竊盜,1050919,13~15,台北市北投區中央里中央南路2段6巷31 ~ 60號
1078,住宅竊盜,1050919,16~18,台北市中山區民族東路511 ~ 540號
1079,住宅竊盜,1050920,01~03,台北市大同區國順里環河北路2段233巷1 ~ 30號
1080,住宅竊盜,1050920,16~18,台北市南港區新富里富康街49巷1 ~ 30號
1081,住宅竊盜,1050920,19~21,台北市松山區撫遠街395巷1 ~ 30號
1082,住宅竊盜,1050921,01~03,台北市士林區福林里至善路1段138巷1 ~ 30號
1083,住宅竊盜,1050922,13~15,台北市大安區臨江里通化街39巷50弄31 ~ 60號
1084,住宅竊盜,1050922,22~24,台北市松山區市民大道4段301 ~ 330號
1085,住宅竊盜,1050923,01~03,台北市北投區關渡里關渡路61 ~ 90號
1086,住宅竊盜,1050923,01~03,台北市士林區後港里大南路428巷1 ~ 30號
1087,住宅竊盜,1050923,10~12,台北市大安區誠安里安東街1 ~ 30號
1088,住宅竊盜,1050924,13~15,台北市松山區市民大道4段301 ~ 330號
1089,住宅竊盜,1050925,16~18,台北市南港區中研里研究院路2段70巷1 ~ 30號
1090,住宅竊盜,1050925,19~21,台北市內湖區環山路1段136巷1 ~ 30號
1091,住宅竊盜,1050928,10~12,台北市南港區新光里昆陽街171巷3弄1 ~ 30號
1092,住宅竊盜,1050928,10~12,台北市大安區通安里信義路4段241 ~ 270號
1093,住宅竊盜,1050929,10~12,台北市北投區建民里文林北路94巷5弄1 ~ 30號
1094,住宅竊盜,1050930,16~18,台北市中正區螢圃里重慶南路3段83巷7弄1 ~ 30號
1095,住宅竊盜,1051001,04~06,台北市內湖區成功路4段323巷1弄1 ~ 30號
1096,住宅竊盜,1051001,19~21,台北市中正區龍光里重慶南路3段16巷1 ~ 30號
1097,住宅竊盜,1051002,07~09,台北市南港區鴻福里玉成街241 ~ 270號
1098,住宅竊盜,1051002,07~09,台北市南港區舊莊里舊莊街2段151 ~ 180號
1099,住宅竊盜,1051004,13~15,台北市萬華區和平西路3段382巷2弄1 ~ 30號
1100,住宅竊盜,1051004,16~18,台北市士林區永倫里7鄰永平街9巷8弄1 ~ 30號
1101,住宅竊盜,1051005,04~06,台北市信義區松智路1 ~ 30號
1102,住宅竊盜,1051006,01~03,台北市內湖區內湖路3段187巷1 ~ 30號
1103,住宅竊盜,1051006,04~06,台北市內湖區金瑞里5鄰內湖路3段187巷1 ~ 30號
1104,住宅竊盜,1051006,22~24,台北市中正區龍福里南昌路1段61 ~ 90號
1105,住宅竊盜,1051007,04~06,台北市大同區鄰江里延平北路4段31 ~ 60號
1106,住宅竊盜,1051007,10~12,台北市萬華區廣州街181 ~ 210號
1107,住宅竊盜,1051007,10~12,台北市松山區新東街20巷1 ~ 30號
1108,住宅竊盜,1051007,13~15,台北市中山區南京東路3段91 ~ 120號
1109,住宅竊盜,1051007,22~24,台北市士林區天和里9鄰中山北路7段14巷59弄1 ~ 30號
1110,住宅竊盜,1051008,13~15,台北市中山區民族東路391 ~ 420號
1111,住宅竊盜,1051009,04~06,台北市北投區中庸里大業路661 ~ 690號
1112,住宅竊盜,1051009,07~09,台北市中山區民族東路391 ~ 420號
1113,住宅竊盜,1051009,16~18,台北市北投區福興里致遠一路2段61 ~ 90號
1114,住宅竊盜,1051011,07~09,台北市中正區文盛里汀州路3段91 ~ 120號
1115,住宅竊盜,1051011,07~09,台北市信義區四育里虎林街30巷1 ~ 30號
1116,住宅竊盜,1051011,10~12,台北市萬華區青年路1 ~ 30號
1117,住宅竊盜,1051012,10~12,台北市萬華區康定路25巷35弄1 ~ 30號
1118,住宅竊盜,1051014,07~09,台北市北投區東華里致遠三路61 ~ 90號
1119,住宅竊盜,1051015,10~12,台北市內湖區康樂街48巷1 ~ 30號
1120,住宅竊盜,1051015,13~15,台北市中山區新生北路3段61 ~ 90號
1121,住宅竊盜,1051015,22~24,台北市文山區樟林里030鄰興隆路4段58巷16弄1 ~ 30號
1122,住宅竊盜,1051016,13~15,台北市內湖區金莊路61 ~ 90號
1123,住宅竊盜,1051016,22~24,台北市信義區忠孝東路5段790巷47弄1 ~ 30號
1124,住宅竊盜,1051017,07~09,台北市士林區福華里承德路4段40巷31 ~ 60號
1125,住宅竊盜,1051017,10~12,台北市萬華區和平西路3段302巷3弄31 ~ 60號
1126,住宅竊盜,1051017,13~15,台北市松山區健康路391 ~ 420號
1127,住宅竊盜,1051018,01~03,台北市信義區三張里松智路31巷1 ~ 30號
1128,住宅竊盜,1051018,10~12,台北市大安區光信里信義路4段265巷21弄1 ~ 30號
1129,住宅竊盜,1051018,19~21,台北市松山區光復南路46巷1 ~ 30號
1130,住宅竊盜,1051018,22~24,台北市大安區和安里建國南路1段331 ~ 360號
1131,住宅竊盜,1051019,01~03,台北市北投區文林里文林北路80巷60弄1 ~ 30號
1132,住宅竊盜,1051020,16~18,台北市士林區福林里中正路201巷31 ~ 60號
1133,住宅竊盜,1051020,22~24,台北市文山區順興里025鄰保儀路91 ~ 120號
1134,住宅竊盜,1051021,10~12,台北市士林區天和里14鄰中山北路7段114巷31 ~ 60號
1135,住宅竊盜,1051021,10~12,台北市中山區北安路630巷25弄1 ~ 30號
1136,住宅竊盜,1051022,22~24,台北市中山區中山北路1段135巷37之1 ~ 30號
1137,住宅竊盜,1051023,01~03,台北市信義區中坡里福德街221巷3弄1 ~ 30號
1138,住宅竊盜,1051023,07~09,台北市松山區八德路5段601 ~ 630號
1139,住宅竊盜,1051023,10~12,台北市士林區福華里18鄰通河街325巷1 ~ 30號
1140,住宅竊盜,1051024,13~15,台北市大安區龍淵里和平東路2段96巷15弄1 ~ 30號
1141,住宅竊盜,1051024,13~15,台北市北投區稻香里中央北路2段320巷2弄1 ~ 30號
1142,住宅竊盜,1051025,16~18,台北市內湖區成功路2段510巷1 ~ 30號
1143,住宅竊盜,1051026,13~15,台北市中山區林森北路391 ~ 420號
1144,住宅竊盜,1051026,13~15,台北市信義區黎順里崇德街31 ~ 60號
1145,住宅竊盜,1051027,01~03,台北市大安區和安里建國南路1段301 ~ 330號
1146,住宅竊盜,1051027,22~24,台北市南港區南港里南港路1段171巷28弄1 ~ 30號
1147,住宅竊盜,1051028,04~06,台北市士林區社新里8鄰社子街63巷1 ~ 30號
1148,住宅竊盜,1051028,10~12,台北市大安區光信里信義路4段265巷21弄1 ~ 30號
1149,住宅竊盜,1051028,10~12,台北市大安區龍泉里師大路39巷1 ~ 30號
1150,住宅竊盜,1051029,10~12,台北市中山區雙城街23巷1 ~ 30號
1151,住宅竊盜,1051029,16~18,台北市文山區樟文里001鄰忠順街1段10巷1 ~ 30號
1152,住宅竊盜,1051029,19~21,台北市萬華區康定路46巷1 ~ 30號
1153,住宅竊盜,1051030,13~15,台北市中山區林森北路391 ~ 420號
1154,住宅竊盜,1051031,01~03,台北市大同區至聖里5鄰民族西路31巷22之1 ~ 30號
1155,住宅竊盜,1051031,10~12,台北市中正區林興里水源路33巷1 ~ 30號
1156,住宅竊盜,1051031,10~12,台北市中山區林森北路241 ~ 270號
1157,住宅竊盜,1051101,07~09,台北市內湖區康樂街72巷17弄1 ~ 30號
1158,住宅竊盜,1051101,10~12,台北市北投區尊賢里尊賢街230巷1 ~ 30號
1159,住宅竊盜,1051103,22~24,台北市中山區德惠街91 ~ 120號
1160,住宅竊盜,1051104,10~12,台北市北投區智仁里中和街525巷8弄1 ~ 30號
1161,住宅竊盜,1051104,22~24,台北市文山區博嘉里004鄰木柵路4段159巷170弄1 ~ 30號
1162,住宅竊盜,1051105,10~12,台北市士林區聖山里芝玉路211 ~ 240號
1163,住宅竊盜,1051106,07~09,台北市松山區撫遠街369巷1 ~ 30號
1164,住宅竊盜,1051106,10~12,台北市松山區八德路2段437巷10弄1 ~ 30號
1165,住宅竊盜,1051106,13~15,台北市士林區聖山里芝玉路1段211 ~ 240號
1166,住宅竊盜,1051107,16~18,台北市內湖區港華街1 ~ 30號
1167,住宅竊盜,1051107,19~21,台北市內湖區內湖路1段591巷1 ~ 30號
1168,住宅竊盜,1051108,16~18,台北市北投區立賢里吉利街1 ~ 30號
1169,住宅竊盜,1051110,04~06,台北市中山區新生北路3段1 ~ 30號
1170,住宅竊盜,1051110,07~09,台北市大安區民輝里新生南路1段97巷31 ~ 60號
1171,住宅竊盜,1051110,10~12,台北市北投區湖山里陽明路1段1 ~ 30號
1172,住宅竊盜,1051110,13~15,台北市大安區和安里信義路3段147巷17弄1 ~ 30號
1173,住宅竊盜,1051110,22~24,台北市中正區永功里汀州路1段306巷10弄1 ~ 30號
1174,住宅竊盜,1051111,19~21,台北市內湖區文德31 ~ 60號
1175,住宅竊盜,1051111,22~24,台北市中山區錦州街231巷31 ~ 60號
1176,住宅竊盜,1051112,01~03,台北市萬華區環河南路2段130巷6弄1 ~ 30號
1177,住宅竊盜,1051113,10~12,台北市文山區萬盛里萬盛街91 ~ 120號
1178,住宅竊盜,1051113,10~12,台北市中正區富水里思源街1 ~ 30號
1179,住宅竊盜,1051113,13~15,台北市信義區雅祥里松隆路123巷31 ~ 60號
1180,住宅竊盜,1051114,10~12,台北市內湖區成功路4段61巷1 ~ 30號
1181,住宅竊盜,1051115,13~15,台北市信義區新仁里基隆路1段61 ~ 90號
1182,住宅竊盜,1051116,16~18,台北市信義區新仁里基隆路1段61 ~ 90號
1183,住宅竊盜,1051118,10~12,台北市松山區撫遠街369巷1 ~ 30號
1184,住宅竊盜,1051118,19~21,台北市中山區林森北路416巷1 ~ 30號
1185,住宅竊盜,1051119,19~21,台北市文山區萬隆里5鄰羅斯福路5段218巷38弄1 ~ 30號
1186,住宅竊盜,1051120,07~09,台北市中山區龍江路394巷1 ~ 30號
1187,住宅竊盜,1051121,10~12,台北市松山區光復北路121 ~ 150號
1188,住宅竊盜,1051121,16~18,台北市士林區承德里11鄰承德路4段58巷46弄1 ~ 30號
1189,住宅竊盜,1051121,19~21,台北市士林區三玉里士東路200巷15弄1 ~ 30號
1190,住宅竊盜,1051122,04~06,台北市內湖區新明路219巷2弄1 ~ 30號
1191,住宅竊盜,1051122,07~09,台北市內湖區康樂街72巷17弄151 ~ 180號
1192,住宅竊盜,1051122,16~18,台北市南港區中研里研究院路2段12巷57弄31 ~ 60號
1193,住宅竊盜,1051122,22~24,台北市文山區景仁里景仁街77巷5弄1 ~ 30號
1194,住宅竊盜,1051123,16~18,台北市北投區八仙里承德路7段401巷1111 ~ 1140號
1195,住宅竊盜,1051123,22~24,台北市松山區南京東路5段123巷6弄1 ~ 30號
1196,住宅竊盜,1051124,07~09,台北市大同區光能里赤峰街12巷1 ~ 30號
1197,住宅竊盜,1051124,10~12,台北市松山區松河街1 ~ 30號
1198,住宅竊盜,1051124,13~15,台北市大同區建明里京站百貨3樓
1199,住宅竊盜,1051125,01~03,台北市文山區明興里032鄰木柵路2段109巷121 ~ 150號
1200,住宅竊盜,1051125,13~15,台北市大安區臨江里通化街39巷50弄91 ~ 120號
1201,住宅竊盜,1051125,16~18,台北市萬華區武昌街2段121 ~ 150號
1202,住宅竊盜,1051126,16~18,台北市中正區文北里泰安街6巷1 ~ 30號
1203,住宅竊盜,1051127,07~09,台北市北投區桃源里中央北路3段40巷31 ~ 60號
1204,住宅竊盜,1051128,07~09,台北市萬華區德昌街154巷1 ~ 30號
1205,住宅竊盜,1051128,16~18,台北市大同區保安里哈密街59巷1 ~ 30號
1206,住宅竊盜,1051129,04~06,台北市萬華區富福里中華路2段1 ~ 30號
1207,住宅竊盜,1051129,19~21,台北市士林區天玉里4鄰天母西路41巷1弄1 ~ 30號
1208,住宅竊盜,1051130,22~24,台北市中正區忠勤里中華路2段313巷31 ~ 60號
1209,住宅竊盜,1051201,04~06,台北市大同區建明里重慶北路1段1 ~ 30號
1210,住宅竊盜,1051201,07~09,台北市中山區新生北路2段61 ~ 90號
1211,住宅竊盜,1051202,16~18,台北市文山區萬芳里007鄰萬芳路31 ~ 60號
1212,住宅竊盜,1051203,13~15,台北市中正區廈安里大浦街21巷1 ~ 30號
1213,住宅竊盜,1051204,04~06,台北市北投區稻香里稻香路31 ~ 60號
1214,住宅竊盜,1051204,07~09,台北市松山區撫遠街255巷1 ~ 30號
1215,住宅竊盜,1051205,19~21,台北市中正區忠勤里中華路2段313巷1 ~ 30號
1216,住宅竊盜,1051206,01~03,台北市北投區一德里中央北路4段18巷1 ~ 30號
1217,住宅竊盜,1051206,13~15,台北市士林區葫蘆里延平北路5段285巷32弄1 ~ 30號
1218,住宅竊盜,1051206,19~21,台北市士林區天壽里5鄰天母西路22巷6弄1 ~ 30號
1219,住宅竊盜,1051207,10~12,台北市內湖區內湖路1段359巷1 ~ 30號
1220,住宅竊盜,1051207,13~15,台北市北投區關渡里知行路1 ~ 30號
1221,住宅竊盜,1051209,10~12,台北市松山區延壽街402巷2弄1 ~ 30號
1222,住宅竊盜,1051210,10~12,台北市大安區古莊里羅斯福路2段101巷31 ~ 60號
1223,住宅竊盜,1051214,13~15,台北市內湖區金龍路67巷1之1 ~ 30號
1224,住宅竊盜,1051215,13~15,台北市中正區河堤里金門街12巷13弄1 ~ 30號
1225,住宅竊盜,1051215,13~15,台北市大安區芳和里樂業街94巷7弄1 ~ 30號
1226,住宅竊盜,1051216,16~18,台北市大安區黎元里安居街98巷1 ~ 30號
1227,住宅竊盜,1051216,16~18,台北市中山區錦州街31 ~ 60號
1228,住宅竊盜,1051216,22~24,台北市內湖區江南街96巷1 ~ 30號
1229,住宅竊盜,1051216,22~24,台北市信義區泰和里吳興街600巷91 ~ 120號
1230,住宅竊盜,1051217,07~09,台北市內湖區民權東路6段151 ~ 180號
1231,住宅竊盜,1051217,22~24,台北市大安區黎元里安居街84巷1 ~ 30號
1232,住宅竊盜,1051217,22~24,台北市大安區全安里和平東路3段119巷1 ~ 30號
1233,住宅竊盜,1051220,04~06,台北市內湖區民權東路六段190巷1 ~ 30號
1234,住宅竊盜,1051220,16~18,台北市中正區文祥里信義路2段61 ~ 90號
1235,住宅竊盜,1051220,19~21,台北市北投區文林北路244巷31 ~ 60號
1236,住宅竊盜,1051220,22~24,台北市內湖區內湖路1段225巷1弄1 ~ 30號
1237,住宅竊盜,1051222,16~18,台北市內湖區康寧路3段265巷1 ~ 30號
1238,住宅竊盜,1051222,19~21,台北市信義區五常里永吉路225巷32弄1 ~ 30號
1239,住宅竊盜,1051223,13~15,台北市文山區興福里15鄰景華街121巷7弄1 ~ 30號
1240,住宅竊盜,1051224,01~03,台北市萬華區貴陽街2段211 ~ 240號
1241,住宅竊盜,1051224,13~15,台北市北投區榮華里榮華一路7巷1 ~ 30號
1242,住宅竊盜,1051224,19~21,台北市萬華區中華路364巷1 ~ 30號
1243,住宅竊盜,1051225,10~12,台北市士林區天玉里天母北路1 ~ 30號
1244,住宅竊盜,1051226,01~03,台北市士林區德行里中山北路5段811巷1 ~ 30號
1245,住宅竊盜,1051226,01~03,台北市士林區德行里中山北路5段811巷1 ~ 30號
1246,住宅竊盜,1051226,07~09,台北市中山區中山北路1段121巷1 ~ 30號
1247,住宅竊盜,1051226,19~21,台北市中山區復興北路91 ~ 120號
1248,住宅竊盜,1051227,13~15,台北市大安區古風里泰順街60巷18弄1 ~ 30號
1249,住宅竊盜,1051228,10~12,台北市北投區榮光里西安街1段313巷16弄31 ~ 60號
1250,住宅竊盜,1051229,10~12,台北市大安區臨江里通化街101巷31 ~ 60號
1251,住宅竊盜,1051229,22~24,台北市士林區聖山里19鄰忠誠路1段147巷1 ~ 30號
1252,住宅竊盜,1051230,01~03,台北市萬華區萬大路486巷37弄1 ~ 30號
1253,住宅竊盜,1051231,19~21,台北市士林區忠誠里忠誠路1段91 ~ 120號
1254,住宅竊盜,1060101,13~15,台北市南港區東新里興南街60巷1 ~ 30號
1255,住宅竊盜,1060101,13~15,台北市中山區林森北路391 ~ 420號
1256,住宅竊盜,1060101,22~24,台北市士林區天玉里6鄰天母西路61 ~ 90號
1257,住宅竊盜,1060101,22~24,台北市信義區松隆里松山路571 ~ 600號
1258,住宅竊盜,1060101,22~24,台北市文山區景華街128巷3弄1 ~ 30號
1259,住宅竊盜,1060101,22~24,台北市中山區林森北路107巷31 ~ 60號
1260,住宅竊盜,1060102,04~06,台北市中山區林森北路31 ~ 60號
1261,住宅竊盜,1060105,16~18,台北市內湖區康樂街48巷1 ~ 30號
1262,住宅竊盜,1060105,16~18,台北市萬華區西寧南路1 ~ 30號
1263,住宅竊盜,1060105,19~21,台北市信義區六合里信義路5段150巷211 ~ 240號
1264,住宅竊盜,1060105,22~24,台北市信義區中行里福德街251巷7弄1 ~ 30號
1265,住宅竊盜,1060106,13~15,台北市內湖區環山路2段50巷14弄14之1 ~ 30號
1266,住宅竊盜,1060107,13~15,台北市士林區岩山里13鄰芝玉路1段197巷25弄1 ~ 30號
1267,住宅竊盜,1060109,10~12,台北市南港區合成里忠孝東路6段159巷4弄1 ~ 30號
1268,住宅竊盜,1060109,16~18,台北市萬華區桂林路1 ~ 30號
1269,住宅竊盜,1060110,04~06,台北市萬華區廣州街211 ~ 240號
1270,住宅竊盜,1060112,04~06,台北市大安區仁慈里復興南路1段279巷1 ~ 30號
1271,住宅竊盜,1060114,22~24,台北市松山區南京東路4段31 ~ 60號
1272,住宅竊盜,1060115,13~15,台北市北投區行義路186巷1 ~ 30號
1273,住宅竊盜,1060116,10~12,台北市信義區大道里忠孝東路5段790巷22弄1 ~ 30號
1274,住宅竊盜,1060116,13~15,台北市文山區萬祥里景隆街1巷1 ~ 30號
1275,住宅竊盜,1060116,16~18,台北市士林區明勝里通河街323巷1 ~ 30號
1276,住宅竊盜,1060117,01~03,台北市松山區光復北路210巷31 ~ 60號
1277,住宅竊盜,1060117,07~09,台北市中正區南福里羅斯福路1段58巷17弄1 ~ 30號
1278,住宅竊盜,1060117,07~09,台北市大安區車層里忠孝東路4段216巷27弄1 ~ 30號
1279,住宅竊盜,1060117,16~18,台北市士林區葫蘆里05鄰葫蘆街121 ~ 150號
1280,住宅竊盜,1060118,13~15,台北市士林區蘭雅里文林路661巷40弄1 ~ 30號
1281,住宅竊盜,1060121,04~06,台北市北投區福興里自強街5巷151 ~ 180號
1282,住宅竊盜,1060121,07~09,台北市文山區萬年里羅斯福路5段212巷1 ~ 30號
1283,住宅竊盜,1060122,01~03,台北市北投區關渡里大度路3段211 ~ 240號
1284,住宅竊盜,1060122,19~21,台北市大安區光信里光復南路456巷1 ~ 30號
1285,住宅竊盜,1060122,19~21,台北市中山區中山北路2段16巷1 ~ 30號
1286,住宅竊盜,1060123,13~15,台北市中正區幸市里濟南路2段1 ~ 30號
1287,住宅竊盜,1060125,22~24,台北市中山區松江路124巷19之1 ~ 30號
1288,住宅竊盜,1060126,01~03,台北市中正區河堤里金門街1 ~ 30號
1289,住宅竊盜,1060126,19~21,台北市萬華區大理街1 ~ 30號
1290,住宅竊盜,1060126,19~21,台北市中山區林森北路481 ~ 510號
1291,住宅竊盜,1060127,04~06,台北市文山區萬興里004鄰新光路1段95巷1 ~ 30號
1292,住宅竊盜,1060127,04~06,台北市中山區松江路186之1 ~ 30號
1293,住宅竊盜,1060127,13~15,台北市文山區樟文里019鄰辛亥路7段76巷1 ~ 30號
1294,住宅竊盜,1060127,22~24,台北市士林區大南路241 ~ 270號
1295,住宅竊盜,1060128,01~03,台北市士林區芝山里13鄰士東路266巷3弄1 ~ 30號
1296,住宅竊盜,1060128,01~03,台北市中山區德惠街167巷1 ~ 30號
1297,住宅竊盜,1060128,16~18,台北市士林區天福里4鄰忠誠路2段154巷1 ~ 30號
1298,住宅竊盜,1060130,16~18,台北市松山區民生東路3段91 ~ 120號
1299,住宅竊盜,1060202,07~09,台北市中正區永功里汀州路1段271 ~ 300號
1300,住宅竊盜,1060202,10~12,台北市士林區名山里至誠路2段92巷3弄1 ~ 30號
1301,住宅竊盜,1060202,13~15,台北市中山區中山北路2段62巷28之1 ~ 30號
1302,住宅竊盜,1060202,22~24,台北市中山區龍江路370巷31 ~ 60號
1303,住宅竊盜,1060203,22~24,台北市大安區通化里光復南路691 ~ 720號
1304,住宅竊盜,1060207,04~06,台北市南港區東明里興華路61 ~ 90號
1305,住宅竊盜,1060207,16~18,台北市文山區興得里11鄰興隆路3段36巷9弄1 ~ 30號
1306,住宅竊盜,1060207,19~21,台北市內湖區港華街109巷1 ~ 30號
1307,住宅竊盜,1060208,07~09,台北市文山區萬美里010鄰萬美街1段91 ~ 120號
1308,住宅竊盜,1060208,07~09,台北市中山區民權東路3段75巷2弄1 ~ 30號
1309,住宅竊盜,1060208,07~09,台北市大安區和安里建國南路1段301 ~ 330號
1310,住宅竊盜,1060209,04~06,台北市中正區忠勤里中華路2段315巷4弄1 ~ 30號
1311,住宅竊盜,1060209,16~18,台北市萬華區東園街181 ~ 210號
1312,住宅竊盜,1060210,07~09,台北市中山區建國北路3段91 ~ 120號
1313,住宅竊盜,1060212,19~21,台北市中山區明水路631 ~ 660號
1314,住宅竊盜,1060213,13~15,台北市北投區榮華里榮華一路1 ~ 30號
1315,住宅竊盜,1060214,19~21,台北市大同區星明里五原路1 ~ 30號
1316,住宅竊盜,1060216,07~09,台北市大同區星明里民生西路178巷1 ~ 30號
1317,住宅竊盜,1060216,16~18,台北市北投區中和里4鄰中和街455巷3弄1 ~ 30號
1318,住宅竊盜,1060219,01~03,台北市內湖區內湖路1段411巷91 ~ 120號
1319,住宅竊盜,1060220,01~03,台北市中山區林森北路85巷1 ~ 30號
1320,住宅竊盜,1060221,07~09,台北市文山區木柵路5段61 ~ 90號
1321,住宅竊盜,1060221,19~21,台北市內湖區港華街109巷1 ~ 30號
1322,住宅竊盜,1060222,13~15,台北市北投區文林里文林北路272巷1 ~ 30號
1323,住宅竊盜,1060222,13~15,台北市北投區行義路58巷22弄1 ~ 30號
1324,住宅竊盜,1060222,19~21,台北市大安區龍坡里雲和街91 ~ 120號
1325,住宅竊盜,1060222,22~24,台北市文山區興旺里12鄰福興路78巷10弄1 ~ 30號
1326,住宅竊盜,1060223,19~21,台北市士林區永倫里永平街80巷1 ~ 30號
1327,住宅竊盜,1060224,16~18,台北市內湖區康樂街61巷15弄1 ~ 30號
1328,住宅竊盜,1060224,22~24,台北市中山區四平街1 ~ 30號
1329,住宅竊盜,1060224,22~24,台北市中山區雙城街13巷1 ~ 30號
1330,住宅竊盜,1060225,10~12,台北市內湖區安康路226巷1 ~ 30號
1331,住宅竊盜,1060225,16~18,台北市萬華區富福里大理街1 ~ 30號
1332,住宅竊盜,1060226,10~12,台北市內湖區安康路106巷31 ~ 60號
1333,住宅竊盜,1060227,19~21,台北市萬華區西昌街181 ~ 210號
1334,住宅竊盜,1060301,13~15,台北市大安區龍圖里建國南路2段25巷1 ~ 30號
1335,住宅竊盜,1060302,01~03,台北市大同區雙連里歸綏街91 ~ 120號
1336,住宅竊盜,1060303,16~18,台北市士林區仁勇里10鄰大東路84巷1 ~ 30號
1337,住宅竊盜,1060303,16~18,台北市大同區至聖里承德路3段247巷1 ~ 30號
1338,住宅竊盜,1060306,19~21,台北市文山區樟樹里007鄰興隆路4段74巷1 ~ 30號
1339,住宅竊盜,1060312,01~03,台北市松山區北寧路7巷1 ~ 30號
1340,住宅竊盜,1060312,13~15,台北市大同區建功里華亭街31 ~ 60號
1341,住宅竊盜,1060313,19~21,台北市萬華區長沙街2段1 ~ 30號
1342,住宅竊盜,1060315,07~09,台北市萬華區峨眉街91 ~ 120號
1343,住宅竊盜,1060315,10~12,台北市松山區南京東路5段123巷6弄1 ~ 30號
1344,住宅竊盜,1060316,10~12,台北市大安區群英里四維路170巷31 ~ 60號
1345,住宅竊盜,1060316,19~21,台北市士林區承德里後港街31 ~ 60號
1346,住宅竊盜,1060317,10~12,台北市大安區住安里大安路2段3巷31 ~ 60號
1347,住宅竊盜,1060318,10~12,台北市北投區奇岩里公?路340巷1 ~ 30號
1348,住宅竊盜,1060319,07~09,台北市士林區名山里1鄰至誠路1段301 ~ 330號
1349,住宅竊盜,1060320,04~06,台北市中山區林森北路91 ~ 120號
1350,住宅竊盜,1060320,10~12,台北市信義區長春里虎林街108巷31 ~ 60號
1351,住宅竊盜,1060320,19~21,台北市信義區興隆里逸仙路50巷1 ~ 30號
1352,住宅竊盜,1060321,01~03,台北市中正區龍光里2鄰重慶南路2段61 ~ 90號
1353,住宅竊盜,1060321,19~21,台北市士林區天山里5鄰中山北路7段82巷10弄31 ~ 60號
1354,住宅竊盜,1060321,22~24,台北市士林區福華里承德路4段40巷1 ~ 30號
1355,住宅竊盜,1060324,10~12,台北市北投區開明里翠宜路1 ~ 30號
1356,住宅竊盜,1060324,16~18,台北市信義區興雅里永吉路30巷157弄1 ~ 30號
1357,住宅竊盜,1060325,07~09,台北市內湖區內湖路3段59巷7弄1 ~ 30號
1358,住宅竊盜,1060326,10~12,台北市士林區社新里4鄰延平北路6段121 ~ 150號
1359,住宅竊盜,1060326,22~24,台北市中山區合江街130巷1 ~ 30號
1360,住宅竊盜,1060327,16~18,台北市中山區林森北路107巷1 ~ 30號
1361,住宅竊盜,1060328,07~09,台北市大同區鄰江里迪化街2段296巷1 ~ 30號
1362,住宅竊盜,1060329,13~15,台北市內湖區內湖路一段285巷69弄31 ~ 60號
1363,住宅竊盜,1060330,19~21,台北市大安區光信里17鄰延吉街241 ~ 270號
1364,住宅竊盜,1060330,19~21,台北市大安區民輝里新生南路1段103巷31 ~ 60號
1365,住宅竊盜,1060331,19~21,台北市中山區建國北路2段91 ~ 120號
1366,住宅竊盜,1060401,04~06,台北市文山區樟樹里014鄰興隆路4段96巷4弄1 ~ 30號
1367,住宅竊盜,1060404,04~06,台北市北投區稻香里新興路121 ~ 150號
1368,住宅竊盜,1060405,04~06,台北市中正區南福里重慶南路3段1 ~ 30號
1369,住宅竊盜,1060406,10~12,台北市松山區自強里7鄰三民路74巷1 ~ 30號
1370,住宅竊盜,1060409,16~18,台北市內湖區大湖街160巷2弄1 ~ 30號
1371,住宅竊盜,1060410,07~09,台北市北投區稻香里新興路121 ~ 150號
1372,住宅竊盜,1060412,04~06,台北市士林區陽明里中庸一路1 ~ 30號
1373,住宅竊盜,1060413,16~18,台北市文山區指南里018鄰萬壽路91 ~ 120號
1374,住宅竊盜,1060413,16~18,台北市文山區萬隆里羅斯福路5段236巷14弄1 ~ 30號
1375,住宅竊盜,1060414,22~24,台北市士林區蘭雅里中山北路6段290巷28弄1 ~ 30號
1376,住宅竊盜,1060415,10~12,台北市大同區南芳里民權西路292巷1 ~ 30號
1377,住宅竊盜,1060416,22~24,台北市北投區林泉里新民路1巷1 ~ 30號
1378,住宅竊盜,1060417,13~15,台北市內湖區大湖里大湖山莊街61巷1 ~ 30號
1379,住宅竊盜,1060417,13~15,台北市內湖區五分里30鄰東湖路106巷7弄31 ~ 60號
1380,住宅竊盜,1060419,16~18,台北市大安區義村里復興南路1段181 ~ 210號
1381,住宅竊盜,1060420,07~09,台北市大同區建功里重慶北路1段1 ~ 30號
1382,住宅竊盜,1060421,16~18,台北市士林區天祿里10鄰中山北路6段450巷31 ~ 60號
1383,住宅竊盜,1060422,07~09,台北市南港區成福里成福路121巷56弄1 ~ 30號
1384,住宅竊盜,1060422,19~21,台北市士林區天壽里9鄰中山北路6段405巷31 ~ 60號
1385,住宅竊盜,1060425,04~06,台北市內湖區內湖路1段203巷1 ~ 30號
1386,住宅竊盜,1060426,04~06,台北市北投區立賢里尊賢街239巷1 ~ 30號
1387,住宅竊盜,1060427,13~15,台北市文山區萬祥里景明街14巷1 ~ 30號
1388,住宅竊盜,1060427,19~21,台北市士林區天玉里11鄰天母北路28巷1 ~ 30號
1389,住宅竊盜,1060429,01~03,台北市南港區成福里東新街91 ~ 120號
